"iter","objective","rel_objective_change","step_frob","rel_step_frob","truth_frob","rel_truth_frob","truth_matrix_mse","eta_step","backtrack_count","backtrack_total","accepted_no_move","stop_condition","stop_streak","window_rel_objective","window_rel_frob","rank_1e8","rank_1e4","converged"
0,0.798843721496898,NA,NA,NA,20.7633098625192,2.79060613393925,0.574820048595981,NA,NA,0,FALSE,FALSE,0,NA,NA,2,2,FALSE
1,0.791446303021297,0.00411231858954669,0.0642836382276252,0.00293970298534105,20.7376540646445,2.78715797334279,0.57340039480649,0.5,0,0,FALSE,FALSE,0,NA,NA,2,2,FALSE
2,0.784562807667694,0.00384242348877211,0.0620783785690164,0.00284228891369716,20.7123405748711,2.78375581924015,0.572001402785935,0.5,0,0,FALSE,FALSE,0,NA,NA,2,2,FALSE
3,0.778121275818282,0.00360958539634147,0.0601166381914985,0.00275574723357751,20.6873325667386,2.7803947221244,0.570620971635789,0.5,0,0,FALSE,FALSE,0,NA,NA,2,2,FALSE
4,0.772062195298403,0.00340757438892437,0.0583656850275387,0.0026786251578861,20.662597464794,2.77707030382756,0.569257245322817,0.5,0,0,FALSE,FALSE,0,NA,NA,2,2,FALSE
5,0.766336251104675,0.00323123206900966,0.0567968159082992,0.00260964589841612,20.638106270935,2.7737786669805,0.567908573933878,0.5,0,0,FALSE,FALSE,0,NA,NA,2,2,FALSE
6,0.760902511346577,0.00307627709882473,0.055384881715029,0.00254768840373484,20.6138330160532,2.77051632131343,0.566573482151633,0.5,0,0,FALSE,FALSE,0,NA,NA,2,2,FALSE
7,0.755726954993449,0.0029391498505903,0.0541078870709426,0.00249177025583906,20.5897543124738,2.7672801235034,0.565250643530711,0.5,0,0,FALSE,FALSE,0,NA,NA,2,2,FALSE
8,0.750781269840588,0.00281688740882813,0.0529466442601432,0.00244103284580999,20.5658489879804,2.7640672279869,0.563938859461887,0.5,0,0,FALSE,FALSE,0,NA,NA,2,2,FALSE
9,0.746041865818345,0.00270702234704302,0.0518844682242352,0.00239472826357942,20.5420977862067,2.76087504669226,0.562637041944106,0.5,0,0,FALSE,FALSE,0,NA,NA,2,2,FALSE
10,0.741489061168755,0.0026075002774671,0.050906904246223,0.00235220754604415,20.5184831212271,2.75770121605642,0.561344199461443,0.5,0,0,FALSE,FALSE,0,NA,NA,2,2,FALSE
11,0.737106408332639,0.00251661232553178,0.0500014829593619,0.00231291006043478,20.4949888765322,2.75454357000712,0.560059425398906,0.5,0,0,FALSE,FALSE,0,NA,NA,2,2,FALSE
12,0.732880133472845,0.00243293953641576,0.0491574991464904,0.00227635387931888,20.4716002404127,2.75140011783827,0.558781888537686,0.5,0,0,FALSE,FALSE,0,NA,NA,2,2,FALSE
13,0.72879866899758,0.00235530686538926,0.0483658118304289,0.00224212704788923,20.44830357122,2.74826902610098,0.557510825254357,0.5,0,0,FALSE,FALSE,0,NA,NA,2,2,FALSE
14,0.72485226265999,0.00228274489584021,0.0476186636989716,0.00220987966661519,20.4250862871231,2.74514860378666,0.556245533115234,0.5,0,0,FALSE,FALSE,0,NA,NA,2,2,FALSE
15,0.721032650095974,0.00221445780992627,0.0469095181703039,0.00217931672236224,20.401936775899,2.74203729020287,0.554985365610373,0.5,0,0,FALSE,FALSE,0,NA,NA,2,2,FALSE
16,0.717332780239543,0.00214979643542763,0.0462329125267394,0.00215019160500563,20.3788443210377,2.73893364504174,0.553729727814786,0.5,0,0,FALSE,FALSE,0,NA,NA,2,2,FALSE
17,0.713746585084452,0.00208823542900647,0.0455843256130924,0.0021223002482707,20.3557990410496,2.73583634022286,0.552478072799462,0.5,0,0,FALSE,FALSE,0,NA,NA,2,2,FALSE
18,0.710268786862454,0.00202935384511789,0.0449600586591378,0.00209547583520054,20.3327918393575,2.73274415315867,0.551229898643526,0.5,0,0,FALSE,FALSE,0,NA,NA,2,2,FALSE
19,0.70689473697375,0.0019728184918191,0.044357127866012,0.00206958401129206,20.3098143625701,2.72965596114641,0.549984745922743,0.5,0,0,FALSE,FALSE,0,NA,NA,2,2,FALSE
20,0.703620282004568,0.00191836959728832,0.0437731675007544,0.00204451855224415,20.2868589652788,2.72657073663682,0.548742195569483,0.5,0,0,FALSE,FALSE,0,NA,NA,2,2,FALSE
21,0.700441652955479,0.001865808409694,0.0432063423687194,0.00202019743828696,20.263918679815,2.72348754316943,0.547501867016207,0.5,0,0,FALSE,FALSE,0,NA,NA,2,2,FALSE
22,0.697355374426166,0.00181498643246525,0.0426552686733556,0.00199655929287631,20.2409871896532,2.72040553179794,0.546263416548937,0.5,0,0,FALSE,FALSE,0,NA,NA,2,2,FALSE
23,0.69435819099303,0.00176579606032668,0.0421189424181494,0.00197356014972825,20.2180588053668,2.7173239378587,0.545026535809694,0.5,0,0,FALSE,FALSE,0,NA,NA,2,2,FALSE
24,0.691447008403957,0.00171816243138478,0.041596674648153,0.00195117051834261,20.195128442234,2.71424207796086,0.54379095039777,0.5,0,0,FALSE,FALSE,0,NA,NA,2,2,FALSE
25,0.688618847523046,0.00167203634926698,0.0410880329611408,0.00192937272396782,20.1721915987573,2.7111593470994,0.5425564185293,0.5,0,0,FALSE,FALSE,0,NA,NA,2,2,FALSE
26,0.685870809205973,0.0016273881587334,0.0405927888356779,0.00190815850312917,20.1492443355148,2.70807521581273,0.541322729723032,0.5,0,0,FALSE,FALSE,0,NA,NA,2,2,FALSE
27,0.683200048489205,0.00158420247991995,0.0401108704213434,0.00188752684018213,20.12628325389,2.70498922732399,0.540089703487753,0.5,0,0,FALSE,FALSE,0,NA,NA,2,2,FALSE
28,0.680603756645718,0.00154247372189466,0.0396423205128507,0.0018674820337467,20.1033054743504,2.70190099462158,0.538857187993394,0.5,0,0,FALSE,FALSE,0,NA,NA,2,2,FALSE
29,0.678079149805602,0.00150220230683958,0.0391872594843659,0.00184803198429086,20.0803086140454,2.69881019744843,0.537625058713741,0.5,0,0,FALSE,FALSE,0,NA,NA,2,2,FALSE
30,0.675623462969243,0.00146339154302891,0.0387458529934855,0.00182918669557351,20.0572907635928,2.69571657918196,0.536393217033743,0.5,0,0,FALSE,FALSE,0,NA,NA,2,2,FALSE
31,0.673233948358993,0.00142604508892237,0.038318284278073,0.00181095698321014,20.034250462997,2.69261994359755,0.535161588818796,0.5,0,0,FALSE,FALSE,0,NA,NA,2,2,FALSE
32,0.670907877165798,0.00139016495300971,0.0379047308660973,0.00179335338340002,20.0111866767152,2.68952015151738,0.533930122947127,0.5,0,0,FALSE,FALSE,0,NA,NA,2,2,FALSE
33,0.668642543852714,0.0013557499752331,0.0375053455021959,0.00177638525400417,19.9880987679436,2.6864171173545,0.532698789809425,0.5,0,0,FALSE,FALSE,0,NA,NA,2,2,FALSE
34,0.666435272278513,0.00132279473655538,0.0371202410686544,0.00176006005885772,19.9649864722405,2.68331080556772,0.531467579782328,0.5,0,0,FALSE,FALSE,0,NA,NA,2,2,FALSE
35,0.664283423002301,0.00129128884392227,0.0367494792467467,0.00174438282461642,19.9418498706404,2.68020122704814,0.530236501684212,0.5,0,0,FALSE,FALSE,0,NA,NA,2,2,FALSE
36,0.662184401223866,0.00126121653885638,0.0363930626308751,0.00172935575775821,19.9186893624377,2.67708843546127,0.52900558122305,0.5,0,0,FALSE,FALSE,0,NA,NA,2,2,FALSE
37,0.6601356649039,0.00123255657943728,0.0360509299760665,0.00171497800774576,19.8955056378354,2.67397252357098,0.527774859446856,0.5,0,0,FALSE,FALSE,0,NA,NA,2,2,FALSE
38,0.658134732692481,0.00120528234753319,0.0357229542323364,0.00170124556095586,19.8722996506625,2.67085361957264,0.526544391207627,0.5,0,0,FALSE,FALSE,0,NA,NA,2,2,FALSE
39,0.656179191372482,0.00117936213592414,0.0354089429994599,0.00168815124890561,19.8490725913629,2.66773188346294,0.525314243649593,0.5,0,0,FALSE,FALSE,0,NA,NA,2,2,FALSE
40,0.654266702596175,0.00115475957328171,0.0351086410245571,0.00167568485363962,19.8258258604565,2.6646075034729,0.524084494732197,0.5,0,0,FALSE,FALSE,0,NA,NA,2,2,FALSE
41,0.652395008757593,0.0011314341488256,0.034821734363413,0.00166383329292948,19.8025610426571,2.66148069258937,0.522855231797545,0.5,0,0,FALSE,FALSE,0,NA,NA,2,2,FALSE
42,0.650561937899909,0.00110934180263676,0.0345478558347187,0.00165258086818648,19.7792798818203,2.65835168518803,0.521626550191176,0.5,0,0,FALSE,FALSE,0,NA,NA,2,2,FALSE
43,0.648765407605875,0.00108843555202806,0.0342865914139136,0.00164190955868031,19.7559842568755,2.65522073379852,0.520398551943886,0.5,0,0,FALSE,FALSE,0,NA,NA,2,2,FALSE
44,0.647003427860408,0.00106866612881282,0.0340374872388216,0.00163179934673794,19.7326761588722,2.65208810601955,0.519171344521229,0.5,0,0,FALSE,FALSE,0,NA,NA,2,2,FALSE
45,0.645274102907957,0.00104998260671356,0.033800056931371,0.00162222856000267,19.7093576692521,2.64895408159864,0.517945039646009,0.5,0,0,FALSE,FALSE,0,NA,NA,2,2,FALSE
46,0.643575632153618,0.00103233300234725,0.0335737889764237,0.00161317421847486,19.6860309394353,2.64581894968843,0.51671975219787,0.5,0,0,FALSE,FALSE,0,NA,NA,2,2,FALSE
47,0.641906310176875,0.00101566483713043,0.0333581539384121,0.00160461237585342,19.6626981717825,2.64268300628804,0.515495599192826,0.5,0,0,FALSE,FALSE,0,NA,NA,2,2,FALSE
48,0.640264525940782,0.000999925651005078,0.0331526113370756,0.00159651844655636,19.6393616019791,2.63954655187545,0.514272698844389,0.5,0,0,FALSE,FALSE,0,NA,NA,2,2,FALSE
49,0.638648761288218,0.000985063462027675,0.0329566160436064,0.00158886751164775,19.616023482861,2.63640988923366,0.513051169706874,0.5,0,0,FALSE,FALSE,0,NA,NA,2,2,FALSE
50,0.637057588821259,0.000971027168572481,0.0327696240964244,0.00158163459866452,19.5926860696869,2.63327332147133,0.511831129900404,0.5,0,0,FALSE,FALSE,0,NA,NA,2,2,FALSE
51,0.635489669260459,0.000957766893178894,0.03259109787055,0.00157479493196719,19.5693516068417,2.63013715023568,0.510612696416266,0.5,0,0,FALSE,FALSE,0,NA,NA,2,2,FALSE
52,0.633943748378609,0.000945234268920512,0.0324205105653736,0.00156832415169626,19.5460223159435,2.627001674114,0.509395984500484,0.5,0,0,FALSE,FALSE,0,NA,NA,2,2,FALSE
53,0.632418653599108,0.000933382670617342,0.032257350001978,0.00156219850067258,19.5227003853101,2.62386718721803,0.508181107112784,0.5,0,0,FALSE,FALSE,0,NA,NA,2,2,FALSE
54,0.630913290342903,0.000922167394305854,0.0321011217429755,0.00155639497962802,19.4993879607336,2.62073397794403,0.506968174457605,0.5,0,0,FALSE,FALSE,0,NA,NA,2,2,FALSE
55,0.629426638200661,0.000911545789125894,0.031951351565013,0.00155089147198905,19.4760871375006,2.61760232790026,0.505757293583356,0.5,0,0,FALSE,FALSE,0,NA,NA,2,2,FALSE
56,0.627957746998908,0.000901477346274007,0.0318075873270501,0.00154566684007392,19.4527999535892,2.61447251099266,0.504548568045813,0.5,0,0,FALSE,FALSE,0,NA,NA,2,2,FALSE
57,0.626505732820521,0.000891923749902667,0.0316694002864782,0.00154070099501583,19.4295283839697,2.6113447926589,0.503342097631312,0.5,0,0,FALSE,FALSE,0,NA,NA,2,2,FALSE
58,0.625069774031755,0.00088284889489864,0.0315363859207127,0.00153597494301536,19.406274335932,2.60821942924032,0.502137978135271,0.5,0,0,FALSE,FALSE,0,NA,NA,2,2,FALSE
59,0.623649107359881,0.000874218876368231,0.0314081643145016,0.0015314708106754,19.3830396453608,2.60509666748136,0.500936301191505,0.5,0,0,FALSE,FALSE,0,NA,NA,2,2,FALSE
60,0.62224302405797,0.000866001955432944,0.0312843801734055,0.00152717185220701,19.3598260738799,2.60197674414572,0.49973715414784,0.5,0,0,FALSE,FALSE,0,NA,NA,2,2,FALSE
61,0.620850866186227,0.000858168505641573,0.0311647025222396,0.00152306244123806,19.3366353067872,2.59885988573884,0.498540619983586,0.5,0,0,FALSE,FALSE,0,NA,NA,2,2,FALSE
62,0.619472023032883,0.000850690943940881,0.0310488241441561,0.00151912804982923,19.3134689517037,2.59574630832632,0.497346777264565,0.5,0,0,FALSE,FALSE,0,NA,NA,2,2,FALSE
63,0.618105927691887,0.000843543649761535,0.0309364608119902,0.00151535521712693,19.2903285378624,2.59263621743835,0.496155700131556,0.5,0,0,FALSE,FALSE,0,NA,NA,2,2,FALSE
64,0.616752053809538,0.000836702875367761,0.030827350358711,0.00151173150987041,19.2672155159653,2.5895298080505,0.494967458318207,0.5,0,0,FALSE,FALSE,0,NA,NA,2,2,FALSE
65,0.615409912507823,0.000830146650225148,0.0307212516288072,0.00150824547674473,19.2441312585428,2.58642726463198,0.4937821171947,0.5,0,0,FALSE,FALSE,0,NA,NA,2,2,FALSE
66,0.614079049488463,0.000823854681746898,0.0306179433472259,0.00150488659833335,19.2210770607492,2.58332876125261,0.492599737833679,0.5,0,0,FALSE,FALSE,0,NA,NA,2,2,FALSE
67,0.612759042318506,0.000817808254419454,0.0305172229374521,0.00150164523419265,19.198054141537,2.58023446174063,0.491420377095183,0.5,0,0,FALSE,FALSE,0,NA,NA,2,2,FALSE
68,0.611449497895745,0.000811990128964988,0.0304189053154264,0.0014985125683439,19.1750636451541,2.5771445198839,0.490244087727616,0.5,0,0,FALSE,FALSE,0,NA,NA,2,2,FALSE
69,0.610150050090127,0.000806384442897272,0.030322821681546,0.00149548055427033,19.1521066429124,2.57405907966763,0.489070918481985,0.5,0,0,FALSE,FALSE,0,NA,NA,2,2,FALSE
70,0.60886035755571,0.000800976613542561,0.0302288183287896,0.00149254186030946,19.129184135182,2.57097827554241,0.48790091423693,0.5,0,0,FALSE,FALSE,0,NA,NA,2,2,FALSE
71,0.60758010170645,0.000795753244368164,0.0301367554813777,0.00148968981615949,19.1062970535684,2.56790223271679,0.486734116132262,0.5,0,0,FALSE,FALSE,0,NA,NA,2,2,FALSE
72,0.606308984848229,0.000790702035234025,0.0300465061750364,0.00148691836105957,19.0834462632344,2.56483106746935,0.485570561709005,0.5,0,0,FALSE,FALSE,0,NA,NA,2,2,FALSE
73,0.605046728458915,0.000785811697015112,0.0299579551871343,0.00148422199407018,19.0606325653315,2.56176488747555,0.484410285054103,0.5,0,0,FALSE,FALSE,0,NA,NA,2,2,FALSE
74,0.603793071607863,0.000781071870883007,0.0298709980224905,0.00148159572676101,19.037856699512,2.55870379214524,0.483253316948204,0.5,0,0,FALSE,FALSE,0,NA,NA,2,2,FALSE
75,0.602547769506129,0.000776473052402783,0.029785539958593,0.00147903503851402,19.0151193464919,2.55564787296726,0.482099685015107,0.5,0,0,FALSE,FALSE,0,NA,NA,2,2,FALSE
76,0.601310592178639,0.000772006520511264,0.0297014951522743,0.00147653583456715,18.9924211306436,2.55259721385775,0.480949413871624,0.5,0,0,FALSE,FALSE,0,NA,NA,2,2,FALSE
77,0.600081323249713,0.000767664271335415,0.0296187858084402,0.00147409440685267,18.969762622595,2.54955189150958,0.479802525276804,0.5,0,0,FALSE,FALSE,0,NA,NA,2,2,FALSE
78,0.598859758833545,0.000763438956769457,0.0295373414103952,0.00147170739763205,18.9471443418183,2.54651197574024,0.478659038279596,0.5,0,0,FALSE,FALSE,0,NA,NA,2,2,FALSE
79,0.597645706521591,0.000759323827650762,0.0294570980103559,0.00146937176588163,18.9245667591924,2.54347752983626,0.477518969364171,0.5,0,0,FALSE,FALSE,0,NA,NA,2,2,FALSE
80,0.596438984459132,0.000755312681361722,0.0293779975781088,0.00146708475635083,18.9020302995258,2.54044861089226,0.476382332592257,0.5,0,0,FALSE,FALSE,0,NA,NA,2,2,FALSE
81,0.595239420503728,0.000751399813635889,0.0292999874052787,0.00146484387118936,18.8795353440295,2.53742527014329,0.475249139741944,0.5,0,0,FALSE,FALSE,0,NA,NA,2,2,FALSE
82,0.594046851458671,0.000747579974346715,0.0292230195623009,0.00146264684401997,18.8570822327287,2.53440755328905,0.474119400442524,0.5,0,0,FALSE,FALSE,0,NA,NA,2,2,FALSE
83,0.592861122375007,0.000743848327029453,0.0291470504049935,0.00146049161632206,18.8346712668091,2.53139550080913,0.472993122305019,0.5,0,0,FALSE,FALSE,0,NA,NA,2,2,FALSE
84,0.591682085916122,0.000740200411901903,0.0290720401274968,0.00145837631598366,18.8123027108883,2.52838914826836,0.471870311048128,0.5,0,0,FALSE,FALSE,0,NA,NA,2,2,FALSE
85,0.590509601779331,0.000736632112131995,0.0289979523582981,0.00145629923787509,18.7899767952107,2.52538852661178,0.470750970619407,0.5,0,0,FALSE,FALSE,0,NA,NA,2,2,FALSE
86,0.58934353616932,0.000733139623116483,0.0289247537961121,0.00145425882629923,18.7676937177601,2.52239366244858,0.469635103311538,0.5,0,0,FALSE,FALSE,0,NA,NA,2,2,FALSE
87,0.588183761318713,0.00072971942453837,0.0288524138824203,0.0014522536591727,18.7454536462901,2.51940457832498,0.468522709873612,0.5,0,0,FALSE,FALSE,0,NA,NA,2,2,FALSE
88,0.587030155051416,0.000726368254980148,0.0287809045076312,0.00145028243379977,18.7232567202678,2.51642129298548,0.467413789617404,0.5,0,0,FALSE,FALSE,0,NA,NA,2,2,FALSE
89,0.585882600384755,0.000723083088880486,0.0287101997479205,0.00144834395410328,18.7011030527338,2.51344382162282,0.466308340518625,0.5,0,0,FALSE,FALSE,0,NA,NA,2,2,FALSE
90,0.584740985166772,0.000719861115636935,0.0286402756300002,0.00144643711918599,18.678992732075,2.51047217611629,0.465206359313216,0.5,0,0,FALSE,FALSE,0,NA,NA,2,2,FALSE
91,0.583605201745379,0.00071669972066396,0.0285711099212035,0.00144456091310082,18.6569258237138,2.50750636525869,0.464107841588746,0.5,0,0,FALSE,FALSE,0,NA,NA,2,2,FALSE
92,0.582475146666334,0.000713596468235064,0.0285026819424763,0.00144271439571802,18.6349023717124,2.50454639497203,0.463012781871002,0.5,0,0,FALSE,FALSE,0,NA,NA,2,2,FALSE
93,0.581350720397341,0.000710549085944513,0.0284349724020221,0.0014408966945838,18.6129224002955,2.50159226851214,0.461921173705896,0.5,0,0,FALSE,FALSE,0,NA,NA,2,2,FALSE
94,0.580231827075749,0.000707555450640857,0.0283679632475165,0.00143910699767267,18.5909859152926,2.4986439866625,0.460833009736811,0.5,0,0,FALSE,FALSE,0,NA,NA,2,2,FALSE
95,0.57911837427765,0.00070461357569257,0.0283016375350077,0.00143734454694486,18.5690929055017,2.49570154791755,0.459748281777537,0.5,0,0,FALSE,FALSE,0,NA,NA,2,2,FALSE
96,0.578010272806313,0.00070172159946147,0.0282359793127351,0.00143560863262543,18.5472433439771,2.49276494865577,0.458666980880939,0.5,0,0,FALSE,FALSE,0,NA,NA,2,2,FALSE
97,0.576907436498137,0.000698877774866897,0.0281709735182918,0.00143389858813033,18.5254371892444,2.48983418330297,0.457589097403522,0.5,0,0,FALSE,FALSE,0,NA,NA,2,2,FALSE
98,0.575809782044463,0.000696080459935811,0.0281066058876885,0.0014322137855711,18.5036743864441,2.48690924448596,0.456514621066061,0.5,0,0,FALSE,FALSE,0,NA,NA,2,2,FALSE
99,0.574717228827751,0.000693328109242944,0.0280428628750066,0.00143055363177553,18.4819548684072,2.4839901231772,0.455443541010452,0.5,0,0,FALSE,FALSE,0,NA,NA,2,2,FALSE
100,0.573629698770779,0.000690619266153551,0.027979731581461,0.00142891756476814,18.4602785566665,2.48107680883064,0.454375845852962,0.5,0,0,FALSE,FALSE,0,NA,NA,2,2,FALSE
101,0.572547116197641,0.000687952555791142,0.0279171996928139,0.00142730505065958,18.4386453624047,2.47816928950913,0.453311523734039,0.5,0,0,FALSE,FALSE,0,NA,NA,2,2,FALSE
102,0.571469407705466,0.000685326678656996,0.0278552554241852,0.00142571558089925,18.417055187343,2.47526755200394,0.452250562364851,0.5,0,0,FALSE,FALSE,0,NA,NA,2,2,FALSE
103,0.57039650204586,0.0006827404048366,0.0277938874714036,0.00142414866984995,18.3955079245734,2.47237158194654,0.451192949070726,0.5,0,0,FALSE,FALSE,0,NA,NA,2,2,FALSE
104,0.569328330015193,0.000680192568740288,0.0277330849681324,0.00142260385264744,18.3740034593369,2.46948136391321,0.450138670831632,0.5,0,0,FALSE,FALSE,0,NA,NA,2,2,FALSE
105,0.568264824352918,0.000677682064316305,0.0276728374480898,0.00142108068331217,18.35254166975,2.46659688152273,0.44908771431988,0.5,0,0,FALSE,FALSE,0,NA,NA,2,2,FALSE
106,0.567205919647226,0.00067520784069684,0.0276131348117556,0.00141957873308356,18.3311224274836,2.46371811752755,0.448040065935188,0.5,0,0,FALSE,FALSE,0,NA,NA,2,2,FALSE
107,0.566151552247362,0.000672768898232439,0.0275539672970275,0.00141809758895073,18.3097455983948,2.46084505389877,0.446995711837252,0.5,0,0,FALSE,FALSE,0,NA,NA,2,2,FALSE
108,0.565101660182034,0.000670364284874475,0.0274953254533346,0.00141663685235569,18.2884110431164,2.45797767190529,0.445954637975976,0.5,0,0,FALSE,FALSE,0,NA,NA,2,2,FALSE
109,0.564056183083387,0.00066799309287378,0.0274372001188087,0.00141519613804946,18.2671186176042,2.45511595218747,0.444916830119496,0.5,0,0,FALSE,FALSE,0,NA,NA,2,2,FALSE
110,0.563015062116053,0.000665654455763627,0.0273795824001015,0.00141377507308086,18.2458681736465,2.45225987482553,0.443882273880115,0.5,0,0,FALSE,FALSE,0,NA,NA,2,2,FALSE
111,0.561978239910863,0.000663347545600077,0.0273224636545572,0.00141237329590376,18.2246595593369,2.44940941940312,0.442850954738307,0.5,0,0,FALSE,FALSE,0,NA,NA,2,2,FALSE
112,0.560945660502822,0.000661071570433198,0.0272658354744087,0.00141099045558639,18.2034926195127,2.44656456506626,0.441822858064873,0.5,0,0,FALSE,FALSE,0,NA,NA,2,2,FALSE
113,0.559917269273007,0.000658825771990018,0.0272096896727727,0.00140962621111155,18.1823671961614,2.44372529057791,0.440797969141394,0.5,0,0,FALSE,FALSE,0,NA,NA,2,2,FALSE
114,0.558893012894053,0.000656609423544193,0.0271540182711871,0.00140828023075514,18.1612831287965,2.44089157436857,0.439776273179076,0.5,0,0,FALSE,FALSE,0,NA,NA,2,2,FALSE
115,0.55787283927896,0.000654421827960721,0.0270988134885211,0.00140695219153439,18.1402402548056,2.438063394583,0.438757755336092,0.5,0,0,FALSE,FALSE,0,NA,NA,2,2,FALSE
116,0.556856697532942,0.000652262315894597,0.0270440677310581,0.00140564177871592,18.1192384097715,2.43524072912339,0.437742400733519,0.5,0,0,FALSE,FALSE,0,NA,NA,2,2,FALSE
117,0.5558445379081,0.00065013024413004,0.026989773583615,0.00140434868537684,18.0982774277687,2.43242355568921,0.436730194469978,0.5,0,0,FALSE,FALSE,0,NA,NA,2,2,FALSE
118,0.55483631176068,0.000648024994049757,0.0269359238015587,0.0014030726120118,18.0773571416365,2.42961185181391,0.435721121635034,0.5,0,0,FALSE,FALSE,0,NA,NA,2,2,FALSE
119,0.553831971510749,0.000645945970218376,0.0268825113035949,0.0014018132661797,18.0564773832303,2.42680559489874,0.434715167321476,0.5,0,0,FALSE,FALSE,0,NA,NA,2,2,FALSE
120,0.552831470604087,0.00064389259907474,0.0268295291652503,0.00140057036218625,18.0356379836533,2.42400476224382,0.433712316636528,0.5,0,0,FALSE,FALSE,0,NA,NA,2,2,FALSE
121,0.55183476347615,0.000641864327717142,0.0267769706129299,0.00139934362079605,18.0148387734683,2.42120933107666,0.432712554712078,0.5,0,0,FALSE,FALSE,0,NA,NA,2,2,FALSE
122,0.55084180551794,0.000639860622780231,0.0267248290184949,0.00139813276897184,17.9940795828931,2.41841927857836,0.431715866713988,0.5,0,0,FALSE,FALSE,0,NA,NA,2,2,FALSE
123,0.549852553043668,0.000637880969388758,0.0266730978942862,0.00139693753963661,17.9733602419782,2.41563458190759,0.430722237850563,0.5,0,0,FALSE,FALSE,0,NA,NA,2,2,FALSE
124,0.548866963260064,0.000635924870187441,0.0266217708885325,0.00139575767145588,17.9526805807702,2.41285521822247,0.42973165338022,0.5,0,0,FALSE,FALSE,0,NA,NA,2,2,FALSE
125,0.54788499423724,0.000633991844436203,0.026570841781097,0.00139459290863751,17.932040429461,2.41008116470064,0.428744098618433,0.5,0,0,FALSE,FALSE,0,NA,NA,2,2,FALSE
126,0.54690660488099,0.000632081427168418,0.0265203044795206,0.0013934430007469,17.9114396185231,2.40731239855748,0.427759558944,0.5,0,0,FALSE,FALSE,0,NA,NA,2,2,FALSE
127,0.545931754906436,0.000630193168403117,0.0264701530153139,0.00139230770253521,17.8908779788336,2.4045488970627,0.426778019804682,0.5,0,0,FALSE,FALSE,0,NA,NA,2,2,FALSE
128,0.544960404812937,0.000628326632412072,0.0264203815404842,0.00139118677377976,17.870355341786,2.40179063755548,0.425799466722264,0.5,0,0,FALSE,FALSE,0,NA,NA,2,2,FALSE
129,0.543992515860171,0.000626481397032075,0.0263709843242499,0.00139007997913417,17.8498715393923,2.39903759745809,0.424823885297076,0.5,0,0,FALSE,FALSE,0,NA,NA,2,2,FALSE
130,0.543028050045325,0.000624657053022202,0.0263219557499295,0.00138898708798762,17.8294264043749,2.39628975428826,0.423851261212028,0.5,0,0,FALSE,FALSE,0,NA,NA,2,2,FALSE
131,0.542066970081324,0.00062285320346082,0.0262732903119815,0.00138790787433177,17.8090197702495,2.39354708567038,0.422881580236185,0.5,0,0,FALSE,FALSE,0,NA,NA,2,2,FALSE
132,0.541109239376029,0.000621069463179939,0.026224982613182,0.00138684211663496,17.7886514713999,2.39080956934547,0.421914828227918,0.5,0,0,FALSE,FALSE,0,NA,NA,2,2,FALSE
133,0.540154822012346,0.000619305458235069,0.0261770273619181,0.00138578959772217,17.7683213431448,2.38807718318025,0.420950991137673,0.5,0,0,FALSE,FALSE,0,NA,NA,2,2,FALSE
134,0.539203682729213,0.00061756082540483,0.0261294193695832,0.00138475010466031,17.7480292217978,2.38534990517514,0.419990055010387,0.5,0,0,FALSE,FALSE,0,NA,NA,2,2,FALSE
135,0.538255786903377,0.000615835211721743,0.0260821535480788,0.0013837234286488,17.727774944721,2.38262771347144,0.41903200598757,0.5,0,0,FALSE,FALSE,0,NA,NA,2,2,FALSE
136,0.53731110053195,0.0006141282740295,0.0260352249073916,0.00138270936491396,17.7075583503718,2.3799105863577,0.418076830309094,0.5,0,0,FALSE,FALSE,0,NA,NA,2,2,FALSE
137,0.536369590215684,0.000612439678565953,0.0259886285532538,0.0013817077126076,17.6873792783449,2.37719850227534,0.4171245143147,0.5,0,0,FALSE,FALSE,0,NA,NA,2,2,FALSE
138,0.535431223142927,0.000610769100569093,0.0259423596848726,0.00138071827470887,17.6672375694091,2.37449143982352,0.416175044445256,0.5,0,0,FALSE,FALSE,0,NA,NA,2,2,FALSE
139,0.534495967074219,0.000609116223905537,0.0258964135927279,0.00137974085792957,17.6471330655391,2.37178937776352,0.41522840724379,0.5,0,0,FALSE,FALSE,0,NA,NA,2,2,FALSE
140,0.533563790327511,0.000607480740718981,0.0258507856564288,0.0013787752726222,17.6270656099427,2.36909229502235,0.4142845893563,0.5,0,0,FALSE,FALSE,0,NA,NA,2,2,FALSE
141,0.532634661763945,0.000605862351097456,0.0258054713426279,0.00137782133269084,17.6070350470853,2.36640017069601,0.413343577532385,0.5,0,0,FALSE,FALSE,0,NA,NA,2,2,FALSE
142,0.531708550774195,0.000604260762759804,0.0257604662029865,0.00137687885550426,17.587041222709,2.36371298405213,0.412405358625687,0.5,0,0,FALSE,FALSE,0,NA,NA,2,2,FALSE
143,0.530785427265322,0.000602675690755117,0.0257157658721971,0.00137594766181194,17.56708398385,2.36103071453223,0.411469919594185,0.5,0,0,FALSE,FALSE,0,NA,NA,2,2,FALSE
144,0.529865261648117,0.000601106857182775,0.0256713660660428,0.00137502757566149,17.5471631788518,2.35835334175356,0.410537247500335,0.5,0,0,FALSE,FALSE,0,NA,NA,2,2,FALSE
145,0.528948024824924,0.000599553990921672,0.0256272625795187,0.00137411842431921,17.5272786573762,2.35568084551054,0.409607329511085,0.5,0,0,FALSE,FALSE,0,NA,NA,2,2,FALSE
146,0.528033688177893,0.000598016827377205,0.0255834512849791,0.00137322003819147,17.5074302704116,2.35301320577588,0.408680152897764,0.5,0,0,FALSE,FALSE,0,NA,NA,2,2,FALSE
147,0.527122223557672,0.00059649510823842,0.0255399281303431,0.00137233225074897,17.487617870279,2.35035040270141,0.407755705035868,0.5,0,0,FALSE,FALSE,0,NA,NA,2,2,FALSE
148,0.526213603272485,0.000594988581247584,0.0254966891373321,0.00137145489845223,17.4678413106359,2.34769241661858,0.406833973404744,0.5,0,0,FALSE,FALSE,0,NA,NA,2,2,FALSE
149,0.525307800077611,0.000593496999982106,0.0254537303997539,0.00137058782067929,17.4481004464782,2.3450392280387,0.405914945587191,0.5,0,0,FALSE,FALSE,0,NA,NA,2,2,FALSE
150,0.524404787165212,0.000592020123645478,0.0254110480818219,0.00136973085965472,17.4283951341405,2.34239081765303,0.404998609268976,0.5,0,0,FALSE,FALSE,0,NA,NA,2,2,FALSE
151,0.52350453815452,0.000590557716868457,0.0253686384165143,0.00136888386038059,17.4087252312946,2.33974716633254,0.404084952238285,0.5,0,0,FALSE,FALSE,0,NA,NA,2,2,FALSE
152,0.522607027082355,0.000589109549520631,0.0253264977039728,0.00136804667056898,17.389090596947,2.33710825512759,0.403173962385107,0.5,0,0,FALSE,FALSE,0,NA,NA,2,2,FALSE
153,0.521712228393957,0.000587675396529009,0.0252846223099364,0.0013672191405761,17.3694910914344,2.33447406526732,0.40226562770056,0.5,0,0,FALSE,FALSE,0,NA,NA,2,2,FALSE
154,0.520820116934122,0.000586255037706311,0.0252430086642126,0.00136640112333795,17.3499265764189,2.33184457815898,0.401359936276171,0.5,0,0,FALSE,FALSE,0,NA,NA,2,2,FALSE
155,0.51993066793863,0.000584848257586761,0.0252016532591836,0.00136559247430749,17.3303969148815,2.32921977538712,0.40045687630311,0.5,0,0,FALSE,FALSE,0,NA,NA,2,2,FALSE
156,0.519043857025949,0.000583454845268331,0.0251605526483523,0.00136479305139357,17.3109019711146,2.32659963871253,0.399556436071386,0.5,0,0,FALSE,FALSE,0,NA,NA,2,2,FALSE
157,0.518159660189203,0.000582074594263098,0.0251197034449144,0.00136400271490087,17.2914416107146,2.32398415007125,0.398658603969003,0.5,0,0,FALSE,FALSE,0,NA,NA,2,2,FALSE
158,0.517278053788392,0.000580707302353856,0.0250791023203741,0.00136322132747176,17.2720157005724,2.3213732915733,0.397763368481095,0.5,0,0,FALSE,FALSE,0,NA,NA,2,2,FALSE
159,0.51639901454286,0.000579352771456223,0.0250387460031868,0.00136244875402929,17.2526241088645,2.31876704550149,0.39687071818903,0.5,0,0,FALSE,FALSE,0,NA,NA,2,2,FALSE
160,0.51552251952399,0.000578010807488118,0.0249986312774407,0.00136168486172189,17.2332667050423,2.31616539430998,0.395980641769492,0.5,0,0,FALSE,FALSE,0,NA,NA,2,2,FALSE
161,0.514648546148124,0.000576681220243347,0.0249587549815648,0.00136092951986904,17.213943359822,2.31356832062294,0.395093127993547,0.5,0,0,FALSE,FALSE,0,NA,NA,2,2,FALSE
162,0.513777072169701,0.000575363823270953,0.0249191140070754,0.00136018259990879,17.1946539451735,2.31097580723298,0.394208165725692,0.5,0,0,FALSE,FALSE,0,NA,NA,2,2,FALSE
163,0.512908075674589,0.000574058433760574,0.0248797052973487,0.00135944397534619,17.1753983343086,2.3083878370997,0.393325743922892,0.5,0,0,FALSE,FALSE,0,NA,NA,2,2,FALSE
164,0.512041535073626,0.000572764872430558,0.0248405258464304,0.00135871352170349,17.1561764016695,2.30580439334801,0.392445851633604,0.5,0,0,FALSE,FALSE,0,NA,NA,2,2,FALSE
165,0.511177429096343,0.00057148296342333,0.0248015726978684,0.00135799111647111,17.1369880229169,2.3032254592666,0.391568477996797,0.5,0,0,FALSE,FALSE,0,NA,NA,2,2,FALSE
166,0.510315736784869,0.000570212534201805,0.0247628429435835,0.00135727663906039,17.1178330749171,2.3006510183062,0.390693612240968,0.5,0,0,FALSE,FALSE,0,NA,NA,2,2,FALSE
167,0.509456437488013,0.000568953415453051,0.0247243337227652,0.00135656997075741,17.0987114357298,2.29808105407794,0.389821243683145,0.5,0,0,FALSE,FALSE,0,NA,NA,2,2,FALSE
168,0.508599510855508,0.000567705440993704,0.0246860422207948,0.00135587099467786,17.0796229845955,2.29551555035162,0.388951361727897,0.5,0,0,FALSE,FALSE,0,NA,NA,2,2,FALSE
169,0.507744936832423,0.000566468447679752,0.0246479656682021,0.00135517959572346,17.0605676019222,2.29295449105401,0.388083955866343,0.5,0,0,FALSE,FALSE,0,NA,NA,2,2,FALSE
170,0.506892695653725,0.00056524227532033,0.0246101013396443,0.00135449566053924,17.0415451692728,2.29039786026705,0.387219015675155,0.5,0,0,FALSE,FALSE,0,NA,NA,2,2,FALSE
171,0.506042767838991,0.000564026766594375,0.0245724465529161,0.00135381907747226,17.022555569352,2.28784564222614,0.386356530815569,0.5,0,0,FALSE,FALSE,0,NA,NA,2,2,FALSE
172,0.505195134187263,0.00056282176697003,0.0245349986679857,0.00135314973653138,17.0035986859929,2.28529782131836,0.385496491032399,0.5,0,0,FALSE,FALSE,0,NA,NA,2,2,FALSE
173,0.504349775772045,0.000561627124628263,0.024497755086055,0.00135248752934806,16.9846744041441,2.28275438208072,0.38463888615305,0.5,0,0,FALSE,FALSE,0,NA,NA,2,2,FALSE
174,0.503506673936426,0.000560442690388765,0.0244607132486446,0.0013518323491382,16.9657826098565,2.28021530919835,0.383783706086545,0.5,0,0,FALSE,FALSE,0,NA,NA,2,2,FALSE
175,0.502665810288336,0.000559268317638191,0.0244238706367091,0.00135118409066538,16.94692319027,2.27768058750278,0.382930940822549,0.5,0,0,FALSE,FALSE,0,NA,NA,2,2,FALSE
176,0.501827166695925,0.000558103862261744,0.0243872247697715,0.0013505426502049,16.9280960336007,2.27515020197012,0.382080580430408,0.5,0,0,FALSE,FALSE,0,NA,NA,2,2,FALSE
177,0.500990725283061,0.000556949182577505,0.0243507732050804,0.00134990792550867,16.9093010291271,2.27262413771935,0.381232615058185,0.5,0,0,FALSE,FALSE,0,NA,NA,2,2,FALSE
178,0.50015646842494,0.00055580413927223,0.0243145135367962,0.00134927981577153,16.8905380671779,2.27010238001054,0.380387034931714,0.5,0,0,FALSE,FALSE,0,NA,NA,2,2,FALSE
179,0.499324378743808,0.000554668595339844,0.0242784433951937,0.00134865822159817,16.8718070391184,2.26758491424308,0.379543830353658,0.5,0,0,FALSE,FALSE,0,NA,NA,2,2,FALSE
180,0.498494439104796,0.000553542416023098,0.0242425604458913,0.00134804304497124,16.8531078373376,2.265071725954,0.378702991702575,0.5,0,0,FALSE,FALSE,0,NA,NA,2,2,FALSE
181,0.497666632611846,0.000552425468755812,0.0242068623890976,0.00134743418922022,16.8344403552359,2.26256280081618,0.377864509431992,0.5,0,0,FALSE,FALSE,0,NA,NA,2,2,FALSE
182,0.496840942603745,0.000551317623108339,0.0241713469588801,0.00134683155899116,16.8158044872115,2.26005812463669,0.377028374069495,0.5,0,0,FALSE,FALSE,0,NA,NA,2,2,FALSE
183,0.496017352650258,0.000550218750734468,0.0241360119224591,0.00134623506021769,16.7972001286484,2.25755768335503,0.376194576215821,0.5,0,0,FALSE,FALSE,0,NA,NA,2,2,FALSE
184,0.495195846548341,0.000549128725319784,0.0241008550795105,0.00134564460009217,16.7786271759037,2.25506146304151,0.375363106543965,0.5,0,0,FALSE,FALSE,0,NA,NA,2,2,FALSE
185,0.494376408318458,0.000548047422533021,0.0240658742615012,0.00134506008703855,16.7600855262949,2.25256944989552,0.374533955798292,0.5,0,0,FALSE,FALSE,0,NA,NA,2,2,FALSE
186,0.493559022200976,0.000546974719978151,0.0240310673310294,0.00134448143068514,16.7415750780878,2.2500816302439,0.373707114793668,0.5,0,0,FALSE,FALSE,0,NA,NA,2,2,FALSE
187,0.492743672652647,0.000545910497147635,0.0239964321811945,0.00134390854183885,16.7230957304843,2.2475979905393,0.372882574414592,0.5,0,0,FALSE,FALSE,0,NA,NA,2,2,FALSE
188,0.491930344343169,0.000544854635379246,0.0239619667349788,0.00134334133245998,16.7046473836103,2.24511851735854,0.372060325614343,0.5,0,0,FALSE,FALSE,0,NA,NA,2,2,FALSE
189,0.491119022151829,0.000543807017811897,0.0239276689446475,0.00134277971563762,16.6862299385033,2.24264319740102,0.371240359414139,0.5,0,0,FALSE,FALSE,0,NA,NA,2,2,FALSE
190,0.490309691164216,0.000542767529344909,0.0238935367911633,0.00134222360556581,16.6678432971014,2.2401720174871,0.370422666902303,0.5,0,0,FALSE,FALSE,0,NA,NA,2,2,FALSE
191,0.489502336669016,0.000541736056597478,0.0238595682836204,0.00134167291752055,16.6494873622308,2.23770496455656,0.369607239233443,0.5,0,0,FALSE,FALSE,0,NA,NA,2,2,FALSE
192,0.488696944154867,0.000540712487870098,0.023825761458694,0.00134112756783746,16.6311620375947,2.23524202566702,0.368794067627641,0.5,0,0,FALSE,FALSE,0,NA,NA,2,2,FALSE
193,0.487893499307295,0.000539696713106563,0.0237921143801014,0.00134058747388992,16.6128672277617,2.23278318799243,0.367983143369652,0.5,0,0,FALSE,FALSE,0,NA,NA,2,2,FALSE
194,0.487091988005705,0.000538688623858789,0.023758625138081,0.00134005255406798,16.5946028381545,2.23032843882151,0.367174457808113,0.5,0,0,FALSE,FALSE,0,NA,NA,2,2,FALSE
195,0.486292396320445,0.000537688113249979,0.023725291848887,0.00133952272775806,16.5763687750386,2.22787776555628,0.366368002354768,0.5,0,0,FALSE,FALSE,0,NA,NA,2,2,FALSE
196,0.485494710509929,0.000536695075942251,0.0236921126542895,0.00133899791532269,16.5581649455117,2.22543115571058,0.365563768483698,0.5,0,0,FALSE,FALSE,0,NA,NA,2,2,FALSE
197,0.484698917017822,0.00053570940810273,0.023659085721101,0.00133847803808164,16.5399912574923,2.22298859690858,0.364761747730561,0.5,0,0,FALSE,FALSE,0,NA,NA,2,2,FALSE
198,0.483905002470281,0.000534731007372124,0.0236262092407052,0.00133796301829292,16.521847619709,2.22055007688334,0.363961931691847,0.5,0,0,FALSE,FALSE,0,NA,NA,2,2,FALSE
199,0.483112953673256,0.000533759772833585,0.0235934814286035,0.00133745277913472,16.5037339416904,2.21811558347542,0.36316431202414,0.5,0,0,FALSE,FALSE,0,NA,NA,2,2,FALSE
200,0.482322757609845,0.000532795604983261,0.0235609005239696,0.00133694724468755,16.485650133754,2.21568510463142,0.362368880443392,0.5,0,0,FALSE,FALSE,0,NA,NA,2,2,FALSE
201,0.481534401437704,0.00053183840570039,0.0235284647892249,0.00133644633991747,16.4675961069961,2.21325862840261,0.361575628724206,0.5,0,0,FALSE,FALSE,0,NA,NA,2,2,FALSE
202,0.480747872486507,0.000530888078220521,0.0234961725096117,0.00133594999065903,16.4495717732817,2.21083614294356,0.360784548699128,0.5,0,0,FALSE,FALSE,0,NA,NA,2,2,FALSE
203,0.479963158255457,0.000529944527107282,0.0234640219927914,0.00133545812359944,16.4315770452341,2.20841763651079,0.359995632257953,0.5,0,0,FALSE,FALSE,0,NA,NA,2,2,FALSE
204,0.479180246410848,0.000529007658226123,0.0234320115684422,0.00133497066626263,16.4136118362253,2.20600309746141,0.359208871347034,0.5,0,0,FALSE,FALSE,0,NA,NA,2,2,FALSE
205,0.47839912478367,0.000528077378719163,0.0234001395878751,0.00133448754699413,16.395676060366,2.20359251425182,0.358424257968612,0.5,0,0,FALSE,FALSE,0,NA,NA,2,2,FALSE
206,0.477619781367268,0.000527153596979959,0.0233684044236553,0.00133400869494621,16.377769632496,2.20118587543643,0.357641784180142,0.5,0,0,FALSE,FALSE,0,NA,NA,2,2,FALSE
207,0.476842204315039,0.000526236222629515,0.0233368044692366,0.00133353404006357,16.3598924681744,2.19878316966632,0.356861442093638,0.5,0,0,FALSE,FALSE,0,NA,NA,2,2,FALSE
208,0.476066381938174,0.000525325166492624,0.0233053381386,0.00133306351306914,16.3420444836706,2.19638438568803,0.356083223875026,0.5,0,0,FALSE,FALSE,0,NA,NA,2,2,FALSE
209,0.475292302703445,0.000524420340575869,0.02327400386591,0.00133259704545077,16.3242255959548,2.19398951234225,0.355307121743501,0.5,0,0,FALSE,FALSE,0,NA,NA,2,2,FALSE
210,0.474519955231034,0.000523521658044439,0.0232428001051706,0.00133213456944781,16.3064357226886,2.19159853856268,0.354533127970901,0.5,0,0,FALSE,FALSE,0,NA,NA,2,2,FALSE
211,0.473749328292394,0.000522629033202105,0.0232117253298964,0.00133167601803838,16.2886747822165,2.1892114533747,0.353761234881086,0.5,0,0,FALSE,FALSE,0,NA,NA,2,2,FALSE
212,0.472980410808163,0.000521742381468563,0.0231807780327881,0.00133122132492679,16.2709426935563,2.18682824589428,0.352991434849323,0.5,0,0,FALSE,FALSE,0,NA,NA,2,2,FALSE
213,0.472213191846102,0.000520861619361329,0.0231499567254181,0.00133077042453147,16.2532393763909,2.18444890532672,0.352223720301686,0.5,0,0,FALSE,FALSE,0,NA,NA,2,2,FALSE
214,0.471447660619079,0.000519986664474256,0.0231192599379247,0.00133032325197322,16.2355647510595,2.18207342096553,0.35145808371446,0.5,0,0,FALSE,FALSE,0,NA,NA,2,2,FALSE
215,0.470683806483086,0.000519117435459456,0.0230886862187095,0.00132987974306355,16.2179187385487,2.17970178219125,0.350694517613557,0.5,0,0,FALSE,FALSE,0,NA,NA,2,2,FALSE
216,0.46992161893529,0.000518253852008202,0.0230582341341475,0.00132943983429364,16.2003012604844,2.17733397847035,0.349933014573937,0.5,0,0,FALSE,FALSE,0,NA,NA,2,2,FALSE
217,0.469161087612122,0.00051739583483282,0.0230279022682998,0.00132900346282341,16.1827122391235,2.17496999935408,0.349173567219039,0.5,0,0,FALSE,FALSE,0,NA,NA,2,2,FALSE
218,0.468402202287394,0.000516543305650034,0.0229976892226373,0.00132857056647101,16.1651515973456,2.17260983447739,0.348416168220221,0.5,0,0,FALSE,FALSE,0,NA,NA,2,2,FALSE
219,0.467644952870455,0.000515696187161807,0.0229675936157666,0.0013281410837024,16.1476192586448,2.17025347355783,0.34766081029621,0.5,0,0,FALSE,FALSE,0,NA,NA,2,2,FALSE
220,0.466889329404368,0.000514854403041195,0.0229376140831644,0.00132771495362135,16.130115147122,2.16790090639449,0.346907486212553,0.5,0,0,FALSE,FALSE,0,NA,NA,2,2,FALSE
221,0.466135322064133,0.000514017877913656,0.0229077492769211,0.00132729211595981,16.1126391874767,2.16555212286694,0.34615618878108,0.5,0,0,FALSE,FALSE,0,NA,NA,2,2,FALSE
222,0.465382921154927,0.000513186537343156,0.0228779978654837,0.00132687251106819,16.0951913049997,2.16320711293417,0.345406910859382,0.5,0,0,FALSE,FALSE,0,NA,NA,2,2,FALSE
223,0.464632117110376,0.000512360307815468,0.0228483585334081,0.0013264560799061,16.0777714255649,2.1608658666336,0.344659645350281,0.5,0,0,FALSE,FALSE,0,NA,NA,2,2,FALSE
224,0.463882900490864,0.000511539116724057,0.0228188299811222,0.00132604276403355,16.0603794756223,2.15852837408005,0.343914385201321,0.5,0,0,FALSE,FALSE,0,NA,NA,2,2,FALSE
225,0.463135261981857,0.000510722892354582,0.0227894109246838,0.00132563250560191,16.0430153821903,2.1561946254647,0.343171123404261,0.5,0,0,FALSE,FALSE,0,NA,NA,2,2,FALSE
226,0.462389192392264,0.000509911563871399,0.0227601000955508,0.00132522524734535,16.0256790728484,2.1538646110542,0.342429852994576,0.5,0,0,FALSE,FALSE,0,NA,NA,2,2,FALSE
227,0.461644682652823,0.000509105061302904,0.0227308962403556,0.0013248209325725,16.00837047573,2.1515383211896,0.341690567050964,0.5,0,0,FALSE,FALSE,0,NA,NA,2,2,FALSE
228,0.460901723814505,0.000508303315528887,0.0227017981206847,0.00132441950515836,15.9910895195151,2.14921574628547,0.340953258694862,0.5,0,0,FALSE,FALSE,0,NA,NA,2,2,FALSE
229,0.460160307046957,0.000507506258266315,0.0226728045128601,0.00132402090953618,15.9738361334238,2.14689687682889,0.340217921089969,0.5,0,0,FALSE,FALSE,0,NA,NA,2,2,FALSE
230,0.459420423636958,0.000506713822056894,0.0226439142077288,0.00132362509068981,15.9566102472088,2.14458170337859,0.339484547441773,0.5,0,0,FALSE,FALSE,0,NA,NA,2,2,FALSE
231,0.458682064986903,0.000505925940254173,0.0226151260104552,0.00132323199414603,15.9394117911489,2.14227021656397,0.338753130997088,0.5,0,0,FALSE,FALSE,0,NA,NA,2,2,FALSE
232,0.457945222613315,0.000505142547012206,0.0225864387403174,0.00132284156596714,15.9222406960421,2.13996240708423,0.338023665043598,0.5,0,0,FALSE,FALSE,0,NA,NA,2,2,FALSE
233,0.457209888145371,0.000504363577271625,0.02255785123051,0.00132245375274381,15.9050968931991,2.13765826570747,0.337296142909403,0.5,0,0,FALSE,FALSE,0,NA,NA,2,2,FALSE
234,0.456476053323462,0.000503588966750051,0.0225293623279462,0.00132206850158781,15.8879803144369,2.13535778326983,0.336570557962578,0.5,0,0,FALSE,FALSE,0,NA,NA,2,2,FALSE
235,0.455743709997764,0.000502818651928555,0.0225009708930728,0.00132168576012546,15.8708908920718,2.13306095067459,0.335846903610731,0.5,0,0,FALSE,FALSE,0,NA,NA,2,2,FALSE
236,0.455012850126837,0.000502052570042309,0.0224726757996756,0.00132130547649042,15.8538285589138,2.13076775889133,0.335125173300575,0.5,0,0,FALSE,FALSE,0,NA,NA,2,2,FALSE
237,0.454283465776244,0.00050129065906812,0.0224444759347036,0.00132092759931748,15.8367932482597,2.12847819895509,0.334405360517499,0.5,0,0,FALSE,FALSE,0,NA,NA,2,2,FALSE
238,0.453555549117192,0.00050053285771453,0.022416370198083,0.00132055207773582,15.8197848938873,2.12619226196555,0.333687458785151,0.5,0,0,FALSE,FALSE,0,NA,NA,2,2,FALSE
239,0.452829092425188,0.000499779105411505,0.0223883575025467,0.00132017886136293,15.802803430049,2.1239099390862,0.332971461665025,0.5,0,0,FALSE,FALSE,0,NA,NA,2,2,FALSE
240,0.452104088078723,0.000499029342298833,0.0223604367734587,0.00131980790029832,15.7858487914663,2.12163122154352,0.332257362756049,0.5,0,0,FALSE,FALSE,0,NA,NA,2,2,FALSE
241,0.451380528557965,0.000498283509218097,0.0223326069486438,0.0013194391451174,15.7689209133232,2.11935610062622,0.331545155694187,0.5,0,0,FALSE,FALSE,0,NA,NA,2,2,FALSE
242,0.450658406443483,0.000497541547700871,0.0223048669782249,0.00131907254686578,15.7520197312609,2.11708456768441,0.330834834152044,0.5,0,0,FALSE,FALSE,0,NA,NA,2,2,FALSE
243,0.44993771441498,0.00049680339996095,0.0222772158244566,0.00131870805705326,15.7351451813719,2.11481661412886,0.33012639183847,0.5,0,0,FALSE,FALSE,0,NA,NA,2,2,FALSE
244,0.449218445250048,0.000496069008882848,0.0222496524615665,0.00131834562764827,15.7182972001943,2.11255223143023,0.32941982249818,0.5,0,0,FALSE,FALSE,0,NA,NA,2,2,FALSE
245,0.448500591822942,0.000495338318015062,0.0222221758755988,0.00131798521107233,15.701475724706,2.11029141111833,0.328715119911374,0.5,0,0,FALSE,FALSE,0,NA,NA,2,2,FALSE
246,0.447784147103367,0.000494611271558567,0.0221947850642592,0.00131762676019456,15.6846806923195,2.10803414478133,0.328012277893359,0.5,0,0,FALSE,FALSE,0,NA,NA,2,2,FALSE
247,0.44706910415529,0.000493887814359662,0.0221674790367627,0.0013172702283263,15.6679120408764,2.10578042406508,0.327311290294187,0.5,0,0,FALSE,FALSE,0,NA,NA,2,2,FALSE
248,0.446355456135758,0.000493167891901153,0.0221402568136888,0.00131691556921613,15.651169708642,2.10353024067239,0.326612150998282,0.5,0,0,FALSE,FALSE,0,NA,NA,2,2,FALSE
249,0.445643196293746,0.000492451450292335,0.0221131174268282,0.00131656273704433,15.6344536342998,2.10128358636229,0.325914853924092,0.5,0,0,FALSE,FALSE,0,NA,NA,2,2,FALSE
250,0.444932317969006,0.000491738436262982,0.0220860599190464,0.00131621168641823,15.6177637569466,2.09904045294932,0.325219393023727,0.5,0,0,FALSE,FALSE,0,NA,NA,2,2,FALSE
251,0.444222814590946,0.000491028797153376,0.0220590833441391,0.00131586237236713,15.6011000160874,2.0968008323029,0.324525762282616,0.5,0,0,FALSE,FALSE,0,NA,NA,2,2,FALSE
252,0.443514679677513,0.000490322480907054,0.0220321867666929,0.00131551475033737,15.5844623516299,2.09456471634659,0.323833955719161,0.5,0,0,FALSE,FALSE,0,NA,NA,2,2,FALSE
253,0.4428079068341,0.000489619436063074,0.0220053692619519,0.00131516877618782,15.56785070388,2.09233209705744,0.323143967384397,0.5,0,0,FALSE,FALSE,0,NA,NA,2,2,FALSE
254,0.442102489752465,0.000488919611747592,0.0219786299156796,0.00131482440618493,15.5512650135366,2.09010296646532,0.322455791361662,0.5,0,0,FALSE,FALSE,0,NA,NA,2,2,FALSE
255,0.441398422209658,0.000488222957667265,0.0219519678240314,0.00131448159699845,15.5347052216867,2.08787731665231,0.321769421766266,0.5,0,0,FALSE,FALSE,0,NA,NA,2,2,FALSE
256,0.440695698066978,0.000487529424101271,0.021925382093421,0.00131414030569663,15.5181712698009,2.08565513975198,0.321084852745164,0.5,0,0,FALSE,FALSE,0,NA,NA,2,2,FALSE
257,0.439994311268926,0.000486838961893703,0.0218988718403962,0.00131380048974211,15.5016630997283,2.08343642794883,0.320402078476638,0.5,0,0,FALSE,FALSE,0,NA,NA,2,2,FALSE
258,0.439294255842187,0.000486151522447842,0.0218724361915105,0.00131346210698734,15.4851806536923,2.0812211734776,0.319721093169983,0.5,0,0,FALSE,FALSE,0,NA,NA,2,2,FALSE
259,0.438595525894614,0.000485467057716892,0.0218460742832015,0.00131312511567044,15.4687238742856,2.07900936862273,0.319041891065193,0.5,0,0,FALSE,FALSE,0,NA,NA,2,2,FALSE
260,0.437898115614237,0.000484785520199549,0.021819785261669,0.001312789474411,15.4522927044659,2.07680100571766,0.318364466432654,0.5,0,0,FALSE,FALSE,0,NA,NA,2,2,FALSE
261,0.437202019268272,0.000484106862931038,0.0217935682827551,0.00131245514220597,15.4358870875513,2.07459607714432,0.317688813572844,0.5,0,0,FALSE,FALSE,0,NA,NA,2,2,FALSE
262,0.436507231202157,0.000483431039478453,0.0217674225118254,0.0013121220784255,15.4195069672161,2.07239457533248,0.317014926816033,0.5,0,0,FALSE,FALSE,0,NA,NA,2,2,FALSE
263,0.435813745838587,0.000482758003932516,0.0217413471236553,0.00131179024280912,15.4031522874862,2.07019649275918,0.316342800521987,0.5,0,0,FALSE,FALSE,0,NA,NA,2,2,FALSE
264,0.435121557676574,0.000482087710902071,0.0217153413023144,0.00131145959546174,15.3868229927351,2.06800182194817,0.315672429079682,0.5,0,0,FALSE,FALSE,0,NA,NA,2,2,FALSE
265,0.434430661290509,0.000481420115508038,0.0216894042410536,0.00131113009684978,15.3705190276796,2.06581055546934,0.315003806907015,0.5,0,0,FALSE,FALSE,0,NA,NA,2,2,FALSE
266,0.433741051329244,0.000480755173376333,0.0216635351421954,0.00131080170779741,15.3542403373756,2.06362268593814,0.314336928450521,0.5,0,0,FALSE,FALSE,0,NA,NA,2,2,FALSE
267,0.43305272251518,0.000480092840632479,0.0216377332170241,0.00131047438948279,15.3379868672138,2.06143820601507,0.313671788185098,0.5,0,0,FALSE,FALSE,0,NA,NA,2,2,FALSE
268,0.43236566964337,0.000479433073895454,0.0216119976856787,0.00131014810343445,15.3217585629162,2.05925710840509,0.313008380613728,0.5,0,0,FALSE,FALSE,0,NA,NA,2,2,FALSE
269,0.431679887580635,0.00047877583027146,0.0215863277770458,0.00130982281152756,15.3055553705316,2.05707938585714,0.312346700267212,0.5,0,0,FALSE,FALSE,0,NA,NA,2,2,FALSE
270,0.430995371264683,0.000478121067348709,0.0215607227286566,0.00130949847598045,15.2893772364319,2.05490503116354,0.311686741703897,0.5,0,0,FALSE,FALSE,0,NA,NA,2,2,FALSE
271,0.430312115703252,0.000477468743191589,0.0215351817865844,0.0013091750593512,15.2732241073083,2.05273403715954,0.311028499509419,0.5,0,0,FALSE,FALSE,0,NA,NA,2,2,FALSE
272,0.429630115973254,0.000476818816334367,0.0215097042053415,0.00130885252453395,15.2570959301673,2.05056639672278,0.310371968296437,0.5,0,0,FALSE,FALSE,0,NA,NA,2,2,FALSE
273,0.428949367219931,0.000476171245776845,0.0214842892477788,0.0013085308347556,15.240992652327,2.04840210277277,0.309717142704382,0.5,0,0,FALSE,FALSE,0,NA,NA,2,2,FALSE
274,0.428269864656026,0.000475525990977922,0.0214589361849913,0.00130820995357262,15.2249142214136,2.04624114827041,0.309064017399201,0.5,0,0,FALSE,FALSE,0,NA,NA,2,2,FALSE
275,0.427591603560962,0.000474883011850951,0.0214336442962143,0.00130788984486737,15.2088605853572,2.0440835262175,0.308412587073111,0.5,0,0,FALSE,FALSE,0,NA,NA,2,2,FALSE
276,0.42691457928003,0.000474242268758205,0.0214084128687353,0.00130757047284532,15.1928316923891,2.04192922965624,0.307762846444349,0.5,0,0,FALSE,FALSE,0,NA,NA,2,2,FALSE
277,0.426238787223585,0.000473603722505476,0.0213832411977912,0.00130725180203129,15.1768274910372,2.03977825166877,0.307114790256936,0.5,0,0,FALSE,FALSE,0,NA,NA,2,2,FALSE
278,0.425564222866263,0.000472967334337574,0.021358128586483,0.00130693379726683,15.1608479301233,2.03763058537667,0.306468413280431,0.5,0,0,FALSE,FALSE,0,NA,NA,2,2,FALSE
279,0.424890881746193,0.00047233306593278,0.021333074345678,0.00130661642370668,15.1448929587592,2.03548622394055,0.305823710309699,0.5,0,0,FALSE,FALSE,0,NA,NA,2,2,FALSE
280,0.424218759464226,0.000471700879398327,0.0213080777939224,0.0013062996468159,15.1289625263436,2.03334516055954,0.305180676164678,0.5,0,0,FALSE,FALSE,0,NA,NA,2,2,FALSE
281,0.423547851683178,0.000471070737265383,0.0212831382573505,0.0013059834323668,15.1130565825584,2.03120738847085,0.30453930569015,0.5,0,0,FALSE,FALSE,0,NA,NA,2,2,FALSE
282,0.422878154127072,0.000470442602484007,0.0212582550695956,0.00130566774643582,15.0971750773658,2.02907290094934,0.303899593755514,0.5,0,0,FALSE,FALSE,0,NA,NA,2,2,FALSE
283,0.422209662580396,0.000469816438418933,0.0212334275717057,0.0013053525554008,15.0813179610046,2.02694169130708,0.30326153525456,0.5,0,0,FALSE,FALSE,0,NA,NA,2,2,FALSE
284,0.421542372887369,0.000469192208844819,0.0212086551120551,0.00130503782593788,15.0654851839873,2.02481375289291,0.302625125105255,0.5,0,0,FALSE,FALSE,0,NA,NA,2,2,FALSE
285,0.420876280951217,0.000468569877941435,0.0211839370462602,0.00130472352501867,15.0496766970969,2.02268907909202,0.30199035824952,0.5,0,0,FALSE,FALSE,0,NA,NA,2,2,FALSE
286,0.420211382733452,0.000467949410289214,0.0211592727370961,0.00130440961990745,15.0338924513834,2.0205676633255,0.301357229653018,0.5,0,0,FALSE,FALSE,0,NA,NA,2,2,FALSE
287,0.419547674253167,0.000467330770865394,0.0211346615544149,0.00130409607815839,15.0181323981615,2.01844949904997,0.300725734304943,0.5,0,0,FALSE,FALSE,0,NA,NA,2,2,FALSE
288,0.418885151586337,0.000466713925038663,0.021110102875061,0.00130378286761256,15.0023964890066,2.01633457975717,0.300095867217809,0.5,0,0,FALSE,FALSE,0,NA,NA,2,2,FALSE
289,0.418223810865124,0.00046609883856596,0.0210855960827966,0.00130346995639567,14.9866846757525,2.0142228989735,0.299467623427248,0.5,0,0,FALSE,FALSE,0,NA,NA,2,2,FALSE
290,0.417563648277198,0.000465485477587374,0.0210611405682145,0.00130315731291479,14.9709969104884,2.01211445025969,0.298840997991803,0.5,0,0,FALSE,FALSE,0,NA,NA,2,2,FALSE
291,0.416904660065058,0.000464873808622434,0.0210367357286669,0.00130284490585618,14.9553331455554,2.01000922721038,0.298215985992729,0.5,0,0,FALSE,FALSE,0,NA,NA,2,2,FALSE
292,0.416246842525371,0.000464263798565856,0.0210123809681834,0.00130253270418238,14.9396933335443,2.00790722345372,0.297592582533798,0.5,0,0,FALSE,FALSE,0,NA,NA,2,2,FALSE
293,0.415590192008305,0.000463655414683826,0.0209880756973974,0.00130222067712977,14.9240774272926,2.00580843265102,0.296970782741099,0.5,0,0,FALSE,FALSE,0,NA,NA,2,2,FALSE
294,0.414934704916886,0.000463048624609119,0.0209638193334688,0.00130190879420593,14.9084853798814,2.00371284849635,0.296350581762849,0.5,0,0,FALSE,FALSE,0,NA,NA,2,2,FALSE
295,0.414280377706346,0.000462443396338662,0.0209396113000106,0.00130159702518714,14.892917144633,2.00162046471618,0.295731974769203,0.5,0,0,FALSE,FALSE,0,NA,NA,2,2,FALSE
296,0.413627206883497,0.000461839698228023,0.0209154510270148,0.00130128534011587,14.8773726751079,1.99953127506903,0.295114956952064,0.5,0,0,FALSE,FALSE,0,NA,NA,2,2,FALSE
297,0.412975189006091,0.000461237498988657,0.0208913379507811,0.00130097370929838,14.8618519251026,1.99744527334508,0.2944995235249,0.5,0,0,FALSE,FALSE,0,NA,NA,2,2,FALSE
298,0.41232432068221,0.000460636767684231,0.0208672715138431,0.00130066210330216,14.8463548486463,1.99536245336582,0.293885669722564,0.5,0,0,FALSE,FALSE,0,NA,NA,2,2,FALSE
299,0.411674598569641,0.00046003747372595,0.0208432511648999,0.00130035049295371,14.8308813999988,1.99328280898375,0.293273390801109,0.5,0,0,FALSE,FALSE,0,NA,NA,2,2,FALSE
300,0.41102601937528,0.00045943958686978,0.0208192763587446,0.00130003884933599,14.8154315336479,1.99120633408197,0.292662682037612,0.5,0,0,FALSE,FALSE,0,NA,NA,2,2,FALSE
301,0.410378579854522,0.000458843077212945,0.0207953465561973,0.00129972714378627,14.8000052043065,1.98913302257387,0.292053538730001,0.5,0,0,FALSE,FALSE,0,NA,NA,2,2,FALSE
302,0.409732276810676,0.000458247915189509,0.0207714612240332,0.00129941534789355,14.7846023669107,1.98706286840281,0.29144595619688,0.5,0,0,FALSE,FALSE,0,NA,NA,2,2,FALSE
303,0.409087107094373,0.000457654071567769,0.0207476198349204,0.0012991034334966,14.7692229766166,1.98499586554174,0.290839929777358,0.5,0,0,FALSE,FALSE,0,NA,NA,2,2,FALSE
304,0.408443067602991,0.000457061517446074,0.0207238218673482,0.00129879137268135,14.7538669887986,1.98293200799296,0.29023545483088,0.5,0,0,FALSE,FALSE,0,NA,NA,2,2,FALSE
305,0.407800155280078,0.000456470224250424,0.0207000668055671,0.00129847913777906,14.7385343590466,1.98087128978769,0.289632526737064,0.5,0,0,FALSE,FALSE,0,NA,NA,2,2,FALSE
306,0.40715836711479,0.000455880163729962,0.0206763541395193,0.00129816670136378,14.7232250431639,1.97881370498587,0.289031140895532,0.5,0,0,FALSE,FALSE,0,NA,NA,2,2,FALSE
307,0.406517700141327,0.00045529130795439,0.0206526833647766,0.0012978540362503,14.7079389971645,1.97675924767574,0.288431292725751,0.5,0,0,FALSE,FALSE,0,NA,NA,2,2,FALSE
308,0.405878151438383,0.000454703629310679,0.0206290539824784,0.00129754111549209,14.6926761772713,1.97470791197361,0.287832977666873,0.5,0,0,FALSE,FALSE,0,NA,NA,2,2,FALSE
309,0.405239718128596,0.000454117100499701,0.0206054654992678,0.00129722791237908,14.6774365399133,1.97265969202353,0.287236191177576,0.5,0,0,FALSE,FALSE,0,NA,NA,2,2,FALSE
310,0.404602397378008,0.000453531694533028,0.0205819174272303,0.00129691440043559,14.662220041724,1.97061458199698,0.286640928735909,0.5,0,0,FALSE,FALSE,0,NA,NA,2,2,FALSE
311,0.403966186395531,0.000452947384729835,0.0205584092838325,0.0012966005534182,14.6470266395386,1.96857257609259,0.286047185839138,0.5,0,0,FALSE,FALSE,0,NA,NA,2,2,FALSE
312,0.403331082432414,0.000452364144714379,0.0205349405918641,0.00129628634531391,14.6318562903924,1.96653366853586,0.285454958003594,0.5,0,0,FALSE,FALSE,0,NA,NA,2,2,FALSE
313,0.402697082781726,0.000451781948411688,0.020511510879376,0.00129597175033788,14.6167089515182,1.96449785357885,0.284864240764523,0.5,0,0,FALSE,FALSE,0,NA,NA,2,2,FALSE
314,0.402064184777833,0.000451200770046188,0.0204881196796235,0.00129565674293159,14.6015845803445,1.9624651254999,0.284275029675938,0.5,0,0,FALSE,FALSE,0,NA,NA,2,2,FALSE
315,0.40143238579589,0.000450620584137555,0.0204647665310069,0.00129534129776079,14.5864831344932,1.96043547860339,0.283687320310473,0.5,0,0,FALSE,FALSE,0,NA,NA,2,2,FALSE
316,0.400801683251334,0.000450041365498089,0.0204414509770166,0.00129502538971366,14.5714045717779,1.9584089072194,0.283101108259241,0.5,0,0,FALSE,FALSE,0,NA,NA,2,2,FALSE
317,0.40017207459938,0.000449463089230389,0.0204181725661752,0.00129470899389885,14.5563488502016,1.9563854057035,0.282516389131687,0.5,0,0,FALSE,FALSE,0,NA,NA,2,2,FALSE
318,0.399543557334535,0.000448885730723867,0.0203949308519803,0.00129439208564345,14.5413159279547,1.95436496843647,0.281933158555452,0.5,0,0,FALSE,FALSE,0,NA,NA,2,2,FALSE
319,0.398916128990097,0.000448309265652316,0.020371725392854,0.00129407464049141,14.5263057634133,1.952347589824,0.281351412176232,0.5,0,0,FALSE,FALSE,0,NA,NA,2,2,FALSE
320,0.398289787137683,0.000447733669971141,0.0203485557520836,0.0012937566342014,14.511318315137,1.95033326429648,0.28077114565764,0.5,0,0,FALSE,FALSE,0,NA,NA,2,2,FALSE
321,0.397664529386739,0.000447158919914382,0.0203254214977702,0.00129343804274513,14.4963535418672,1.94832198630871,0.280192354681075,0.5,0,0,FALSE,FALSE,0,NA,NA,2,2,FALSE
322,0.397040353384075,0.000446584991992635,0.0203023222027772,0.00129311884230561,14.4814114025252,1.94631375033968,0.279615034945582,0.5,0,0,FALSE,FALSE,0,NA,NA,2,2,FALSE
323,0.39641725681339,0.000446011862989885,0.0202792574446751,0.00129279900927523,14.4664918562102,1.94430855089229,0.279039182167727,0.5,0,0,FALSE,FALSE,0,NA,NA,2,2,FALSE
324,0.395795237394813,0.000445439509961117,0.0202562268056917,0.00129247852025412,14.4515948621976,1.94230638249313,0.278464792081461,0.5,0,0,FALSE,FALSE,0,NA,NA,2,2,FALSE
325,0.395174292884445,0.000444867910229799,0.0202332298726602,0.00129215735204833,14.4367203799373,1.94030723969222,0.277891860437996,0.5,0,0,FALSE,FALSE,0,NA,NA,2,2,FALSE
326,0.394554421073899,0.000444297041385351,0.0202102662369696,0.0012918354816682,14.4218683690518,1.93831111706279,0.277320383005675,0.5,0,0,FALSE,FALSE,0,NA,NA,2,2,FALSE
327,0.39393561978986,0.000443726881280552,0.0201873354945149,0.00129151288632666,14.4070387893344,1.93631800920103,0.276750355569847,0.5,0,0,FALSE,FALSE,0,NA,NA,2,2,FALSE
328,0.393317886893634,0.000443157408029664,0.0201644372456471,0.00129118954343751,14.3922316007476,1.93432791072587,0.276181773932744,0.5,0,0,FALSE,FALSE,0,NA,NA,2,2,FALSE
329,0.392701220280713,0.000442588600004498,0.0201415710951253,0.00129086543061381,14.3774467634215,1.93234081627875,0.275614633913358,0.5,0,0,FALSE,FALSE,0,NA,NA,2,2,FALSE
330,0.392085617880337,0.000442020435834424,0.0201187366520697,0.00129054052566631,14.3626842376518,1.93035672052341,0.275048931347324,0.5,0,0,FALSE,FALSE,0,NA,NA,2,2,FALSE
331,0.391471077655069,0.000441452894401774,0.0200959335299125,0.00129021480660175,14.3479439838987,1.92837561814562,0.274484662086792,0.5,0,0,FALSE,FALSE,0,NA,NA,2,2,FALSE
332,0.390857597600363,0.000440885954840948,0.0200731613463538,0.00128988825162141,14.3332259627845,1.92639750385302,0.273921822000319,0.5,0,0,FALSE,FALSE,0,NA,NA,2,2,FALSE
333,0.39024517574415,0.00044031959653535,0.0200504197233132,0.00128956083911944,14.3185301350928,1.92442237237488,0.273360406972746,0.5,0,0,FALSE,FALSE,0,NA,NA,2,2,FALSE
334,0.389633810146414,0.000439753799115752,0.0200277082868841,0.00128923254768131,14.3038564617663,1.92245021846188,0.272800412905086,0.5,0,0,FALSE,FALSE,0,NA,NA,2,2,FALSE
335,0.389023498898786,0.000439188542457599,0.0200050266672924,0.00128890335608248,14.2892049039058,1.92048103688592,0.272241835714409,0.5,0,0,FALSE,FALSE,0,NA,NA,2,2,FALSE
336,0.388414240124132,0.000438623806679197,0.0199823744988475,0.00128857324328662,14.2745754227682,1.91851482243989,0.271684671333731,0.5,0,0,FALSE,FALSE,0,NA,NA,2,2,FALSE
337,0.387806031976151,0.000438059572139351,0.0199597514199021,0.00128824218844442,14.2599679797652,1.9165515699375,0.271128915711904,0.5,0,0,FALSE,FALSE,0,NA,NA,2,2,FALSE
338,0.387198872638974,0.00043749581943525,0.0199371570728079,0.00128791017089196,14.2453825364617,1.91459127421305,0.270574564813503,0.5,0,0,FALSE,FALSE,0,NA,NA,2,2,FALSE
339,0.386592760326771,0.000436932529400402,0.019914591103873,0.00128757717014937,14.2308190545746,1.91263393012125,0.270021614618723,0.5,0,0,FALSE,FALSE,0,NA,NA,2,2,FALSE
340,0.385987693283354,0.000436369683102976,0.0198920531633177,0.00128724316591923,14.216277495971,1.910679532537,0.269470061123267,0.5,0,0,FALSE,FALSE,0,NA,NA,2,2,FALSE
341,0.385383669781796,0.000435807261842841,0.0198695429052384,0.00128690813808551,14.201757822667,1.90872807635525,0.268919900338244,0.5,0,0,FALSE,FALSE,0,NA,NA,2,2,FALSE
342,0.384780688124044,0.000435245247150676,0.0198470599875605,0.00128657206671186,14.1872599968263,1.90677955649075,0.268371128290063,0.5,0,0,FALSE,FALSE,0,NA,NA,2,2,FALSE
343,0.384178746640536,0.000434683620785275,0.0198246040720025,0.00128623493204048,14.1727839807587,1.90483396787792,0.267823741020332,0.5,0,0,FALSE,FALSE,0,NA,NA,2,2,FALSE
344,0.383577843689833,0.000434122364731758,0.0198021748240346,0.00128589671449072,14.1583297369187,1.9028913054706,0.267277734585754,0.5,0,0,FALSE,FALSE,0,NA,NA,2,2,FALSE
345,0.38297797765824,0.000433561461199848,0.0197797719128376,0.00128555739465767,14.1438972279044,1.90095156424196,0.266733105058027,0.5,0,0,FALSE,FALSE,0,NA,NA,2,2,FALSE
346,0.382379146959437,0.000433000892621905,0.0197573950112676,0.00128521695331102,14.1294864164558,1.89901473918421,0.266189848523745,0.5,0,0,FALSE,FALSE,0,NA,NA,2,2,FALSE
347,0.381781350034122,0.000432440641650627,0.0197350437958148,0.0012848753713937,14.1150972654539,1.89708082530854,0.2656479610843,0.5,0,0,FALSE,FALSE,0,NA,NA,2,2,FALSE
348,0.381184585349639,0.000431880691158342,0.0197127179465666,0.00128453263002059,14.1007297379192,1.89514981764486,0.265107438855784,0.5,0,0,FALSE,FALSE,0,NA,NA,2,2,FALSE
349,0.38058885139963,0.000431321024233884,0.0196904171471713,0.00128418871047738,14.0863837970102,1.89322171124165,0.264568277968895,0.5,0,0,FALSE,FALSE,0,NA,NA,2,2,FALSE
350,0.379994146703674,0.000430761624181674,0.0196681410848001,0.00128384359421929,14.0720594060226,1.89129650116582,0.264030474568839,0.5,0,0,FALSE,FALSE,0,NA,NA,2,2,FALSE
351,0.379400469806939,0.000430202474519697,0.0196458894501108,0.00128349726286984,14.0577565283878,1.88937418250251,0.263494024815239,0.5,0,0,FALSE,FALSE,0,NA,NA,2,2,FALSE
352,0.378807819279836,0.000429643558977959,0.0196236619372131,0.00128314969821972,14.0434751276716,1.88745475035496,0.262958924882042,0.5,0,0,FALSE,FALSE,0,NA,NA,2,2,FALSE
353,0.37821619371767,0.000429084861496288,0.0196014582436321,0.00128280088222562,14.0292151675734,1.8855381998443,0.262425170957428,0.5,0,0,FALSE,FALSE,0,NA,NA,2,2,FALSE
354,0.377625591740306,0.000428526366223417,0.0195792780702744,0.00128245079700906,14.0149766119244,1.88362452610945,0.261892759243717,0.5,0,0,FALSE,FALSE,0,NA,NA,2,2,FALSE
355,0.377036011991826,0.000427968057514525,0.0195571211213927,0.00128209942485525,14.0007594246869,1.8817137243069,0.26136168595728,0.5,0,0,FALSE,FALSE,0,NA,NA,2,2,FALSE
356,0.3764474531402,0.0004274099199305,0.0195349871045545,0.0012817467482121,13.9865635699532,1.87980578961061,0.260831947328456,0.5,0,0,FALSE,FALSE,0,NA,NA,2,2,FALSE
357,0.375859913876947,0.000426851938235549,0.0195128757306042,0.00128139274968889,13.9723890119439,1.87790071721183,0.260303539601455,0.5,0,0,FALSE,FALSE,0,NA,NA,2,2,FALSE
358,0.375273392916818,0.000426294097395919,0.0194907867136344,0.00128103741205543,13.9582357150075,1.87599850231893,0.259776459034282,0.5,0,0,FALSE,FALSE,0,NA,NA,2,2,FALSE
359,0.374687888997461,0.000425736382578412,0.0194687197709519,0.00128068071824091,13.9441036436188,1.87409914015732,0.259250701898644,0.5,0,0,FALSE,FALSE,0,NA,NA,2,2,FALSE
360,0.374103400879106,0.000425178779148933,0.0194466746230454,0.00128032265133285,13.9299927623779,1.87220262596923,0.258726264479867,0.5,0,0,FALSE,FALSE,0,NA,NA,2,2,FALSE
361,0.373519927344244,0.000424621272670788,0.0194246509935533,0.00127996319457604,13.9159030360093,1.87030895501358,0.258203143076817,0.5,0,0,FALSE,FALSE,0,NA,NA,2,2,FALSE
362,0.372937467197309,0.000424063848903171,0.0194026486092356,0.00127960233137172,13.9018344293607,1.86841812256588,0.257681334001811,0.5,0,0,FALSE,FALSE,0,NA,NA,2,2,FALSE
363,0.37235601926437,0.000423506493799893,0.0193806671999383,0.00127924004527628,13.8877869074019,1.86653012391806,0.257160833580539,0.5,0,0,FALSE,FALSE,0,NA,NA,2,2,FALSE
364,0.371775582392817,0.000422949193507651,0.0193587064985683,0.00127887632000063,13.873760435224,1.86464495437831,0.256641638151983,0.5,0,0,FALSE,FALSE,0,NA,NA,2,2,FALSE
365,0.371196155451055,0.000422391934365144,0.0193367662410606,0.00127851113940901,13.8597549780382,1.86276260927099,0.256123744068338,0.5,0,0,FALSE,FALSE,0,NA,NA,2,2,FALSE
366,0.370617737328201,0.000421834702901086,0.0193148461663484,0.00127814448751811,13.8457705011746,1.86088308393646,0.25560714769493,0.5,0,0,FALSE,FALSE,0,NA,NA,2,2,FALSE
367,0.370040326933781,0.000421277485833026,0.0192929460163371,0.00127777634849624,13.8318069700819,1.85900637373096,0.25509184541014,0.5,0,0,FALSE,FALSE,0,NA,NA,2,2,FALSE
368,0.369463923197432,0.000420720270066271,0.0192710655358731,0.00127740670666231,13.8178643503255,1.85713247402649,0.254577833605327,0.5,0,0,FALSE,FALSE,0,NA,NA,2,2,FALSE
369,0.368888525068605,0.000420163042691925,0.0192492044727171,0.00127703554648503,13.8039426075873,1.85526138021064,0.254065108684752,0.5,0,0,FALSE,FALSE,0,NA,NA,2,2,FALSE
370,0.368314131516271,0.000419605790986408,0.0192273625775152,0.00127666285258194,13.7900417076644,1.85339308768653,0.2535536670655,0.5,0,0,FALSE,FALSE,0,NA,NA,2,2,FALSE
371,0.367740741528633,0.000419048502409396,0.0192055396037733,0.0012762886097187,13.7761616164683,1.85152759187261,0.253043505177407,0.5,0,0,FALSE,FALSE,0,NA,NA,2,2,FALSE
372,0.367168354112836,0.0004184911646028,0.0191837353078279,0.00127591280280808,13.7623023000238,1.8496648882026,0.252534619462986,0.5,0,0,FALSE,FALSE,0,NA,NA,2,2,FALSE
373,0.36659696829468,0.000417933765389908,0.0191619494488232,0.00127553541690935,13.7484637244681,1.84780497212534,0.252027006377354,0.5,0,0,FALSE,FALSE,0,NA,NA,2,2,FALSE
374,0.366026583118338,0.000417376292773296,0.0191401817886808,0.00127515643722725,13.7346458560503,1.84594783910464,0.251520662388159,0.5,0,0,FALSE,FALSE,0,NA,NA,2,2,FALSE
375,0.365457197646076,0.000416818734934566,0.0191184320920763,0.00127477584911131,13.72084866113,1.84409348461921,0.251015583975509,0.5,0,0,FALSE,FALSE,0,NA,NA,2,2,FALSE
376,0.364888810957973,0.000416261080232205,0.019096700126415,0.00127439363805516,13.7070721061766,1.84224190416254,0.250511767631901,0.5,0,0,FALSE,FALSE,0,NA,NA,2,2,FALSE
377,0.364321422151647,0.000415703317201224,0.0190749856618042,0.00127400978969558,13.6933161577688,1.84039309324274,0.250009209862149,0.5,0,0,FALSE,FALSE,0,NA,NA,2,2,FALSE
378,0.36375503034198,0.000415145434551492,0.019053288471031,0.00127362428981192,13.6795807825931,1.83854704738246,0.24950790718332,0.5,0,0,FALSE,FALSE,0,NA,NA,2,2,FALSE
379,0.363189634660847,0.000414587421166554,0.019031608329537,0.00127323712432528,13.6658659474434,1.83670376211878,0.249007856124657,0.5,0,0,FALSE,FALSE,0,NA,NA,2,2,FALSE
380,0.362625234256849,0.000414029266102884,0.0190099450153953,0.00127284827929787,13.6521716192201,1.8348632330031,0.248509053227519,0.5,0,0,FALSE,FALSE,0,NA,NA,2,2,FALSE
381,0.362061828295044,0.000413470958588446,0.0189882983092858,0.00127245774093222,13.6384977649293,1.83302545560098,0.24801149504531,0.5,0,0,FALSE,FALSE,0,NA,NA,2,2,FALSE
382,0.361499415956684,0.00041291248802145,0.0189666679944726,0.00127206549557053,13.6248443516819,1.83119042549212,0.247515178143412,0.5,0,0,FALSE,FALSE,0,NA,NA,2,2,FALSE
383,0.360937996438952,0.000412353843969832,0.0189450538567835,0.00127167152969413,13.6112113466929,1.82935813827017,0.247020099099122,0.5,0,0,FALSE,FALSE,0,NA,NA,2,2,FALSE
384,0.360377568954702,0.000411795016169512,0.0189234556845835,0.00127127582992258,13.5975987172805,1.82752858954268,0.246526254501583,0.5,0,0,FALSE,FALSE,0,NA,NA,2,2,FALSE
385,0.359818132732205,0.000411235994523947,0.0189018732687568,0.00127087838301328,13.5840064308653,1.82570177493097,0.246033640951721,0.5,0,0,FALSE,FALSE,0,NA,NA,2,2,FALSE
386,0.359259687014888,0.00041067676910237,0.0188803064026825,0.00127047917586066,13.5704344549701,1.82387769007004,0.245542255062184,0.5,0,0,FALSE,FALSE,0,NA,NA,2,2,FALSE
387,0.358702231061083,0.000410117330139785,0.018858754882214,0.00127007819549564,13.556882757218,1.82205633060845,0.245052093457275,0.5,0,0,FALSE,FALSE,0,NA,NA,2,2,FALSE
388,0.358145764143776,0.000409557668034666,0.01883721850566,0.00126967542908516,13.543351305333,1.82023769220824,0.244563152772889,0.5,0,0,FALSE,FALSE,0,NA,NA,2,2,FALSE
389,0.357590285550358,0.000408997773349097,0.0188156970737596,0.00126927086393128,13.5298400671383,1.81842177054483,0.244075429656454,0.5,0,0,FALSE,FALSE,0,NA,NA,2,2,FALSE
390,0.357035794582375,0.000408437636807242,0.0187941903896671,0.00126886448747099,13.5163490105558,1.81660856130691,0.243588920766869,0.5,0,0,FALSE,FALSE,0,NA,NA,2,2,FALSE
391,0.356482290555287,0.000407877249294493,0.0187726982589272,0.00126845628727532,13.5028781036056,1.81479806019636,0.243103622774441,0.5,0,0,FALSE,FALSE,0,NA,NA,2,2,FALSE
392,0.355929772798219,0.000407316601856168,0.0187512204894601,0.00126804625104912,13.4894273144052,1.81299026292812,0.242619532360827,0.5,0,0,FALSE,FALSE,0,NA,NA,2,2,FALSE
393,0.355378240653728,0.00040675568569723,0.0187297568915377,0.00126763436663022,13.4759966111687,1.81118516523017,0.242136646218973,0.5,0,0,FALSE,FALSE,0,NA,NA,2,2,FALSE
394,0.354827693477552,0.000406194492180887,0.0187083072777673,0.00126722062198911,13.4625859622062,1.80938276284333,0.241654961053057,0.5,0,0,FALSE,FALSE,0,NA,NA,2,2,FALSE
395,0.354278130638384,0.000405633012827808,0.0186868714630738,0.00126680500522848,13.4491953359232,1.80758305152129,0.241174473578426,0.5,0,0,FALSE,FALSE,0,NA,NA,2,2,FALSE
396,0.353729551517629,0.000405071239315088,0.0186654492646772,0.00126638750458249,13.4358247008198,1.80578602703042,0.240695180521545,0.5,0,0,FALSE,FALSE,0,NA,NA,2,2,FALSE
397,0.353181955509173,0.000404509163475609,0.0186440405020798,0.00126596810841662,13.4224740254898,1.80399168514974,0.240217078619932,0.5,0,0,FALSE,FALSE,0,NA,NA,2,2,FALSE
398,0.352635342019149,0.000403946777296836,0.0186226449970443,0.00126554680522692,13.4091432786208,1.80220002167079,0.239740164622107,0.5,0,0,FALSE,FALSE,0,NA,NA,2,2,FALSE
399,0.352089710465709,0.000403384072920252,0.0186012625735782,0.00126512358363972,13.3958324289926,1.80041103239759,0.239264435287534,0.5,0,0,FALSE,FALSE,0,NA,NA,2,2,FALSE
400,0.351545060278796,0.000402821042640261,0.0185798930579162,0.00126469843241118,13.3825414454775,1.79862471314651,0.238789887386563,0.5,0,0,FALSE,FALSE,0,NA,NA,2,2,FALSE
401,0.351001390899915,0.000402257678903656,0.0185585362785044,0.00126427134042684,13.3692702970388,1.79684105974623,0.238316517700379,0.5,0,0,FALSE,FALSE,0,NA,NA,2,2,FALSE
402,0.350458701781908,0.000401693974308107,0.018537192065982,0.00126384229670121,13.3560189527309,1.79506006803761,0.237844323020942,0.5,0,0,FALSE,FALSE,0,NA,NA,2,2,FALSE
403,0.349916992388735,0.000401129921602438,0.0185158602531664,0.0012634112903774,13.3427873816981,1.79328173387364,0.237373300150937,0.5,0,0,FALSE,FALSE,0,NA,NA,2,2,FALSE
404,0.349376262195248,0.000400565513684482,0.0184945406750349,0.00126297831072661,13.3295755531745,1.79150605311934,0.236903445903718,0.5,0,0,FALSE,FALSE,0,NA,NA,2,2,FALSE
405,0.348836510686971,0.000400000743601358,0.0184732331687137,0.00126254334714802,13.3163834364831,1.78973302165169,0.236434757103256,0.5,0,0,FALSE,FALSE,0,NA,NA,2,2,FALSE
406,0.348297737359888,0.000399435604548304,0.0184519375734568,0.00126210638916813,13.3032110010352,1.78796263535956,0.235967230584086,0.5,0,0,FALSE,FALSE,0,NA,NA,2,2,FALSE
407,0.347759941720219,0.000398870089867744,0.0184306537306347,0.0012616674264406,13.29005821633,1.78619489014361,0.235500863191253,0.5,0,0,FALSE,FALSE,0,NA,NA,2,2,FALSE
408,0.347223123284209,0.000398304193048361,0.0184093814837185,0.00126122644874586,13.2769250519537,1.78442978191621,0.235035651780261,0.5,0,0,FALSE,FALSE,0,NA,NA,2,2,FALSE
409,0.346687281577915,0.00039773790772511,0.0183881206782638,0.00126078344599074,13.2638114775794,1.78266730660138,0.234571593217024,0.5,0,0,FALSE,FALSE,0,NA,NA,2,2,FALSE
410,0.346152416136993,0.000397171227677613,0.0183668711618983,0.00126033840820817,13.2507174629662,1.78090746013473,0.234108684377811,0.5,0,0,FALSE,FALSE,0,NA,NA,2,2,FALSE
411,0.345618526506489,0.000396604146829672,0.0183456327843078,0.001259891325557,13.2376429779586,1.77915023846334,0.233646922149197,0.5,0,0,FALSE,FALSE,0,NA,NA,2,2,FALSE
412,0.345085612240627,0.000396036659248978,0.0183244053972194,0.00125944218832146,13.2245879924862,1.77739563754571,0.233186303428015,0.5,0,0,FALSE,FALSE,0,NA,NA,2,2,FALSE
413,0.34455367290261,0.000395468759145291,0.0183031888543911,0.00125899098691108,13.211552476563,1.7756436533517,0.232726825121303,0.5,0,0,FALSE,FALSE,0,NA,NA,2,2,FALSE
414,0.344022708064406,0.000394900440871214,0.0182819830115971,0.00125853771186036,13.1985364002867,1.77389428186243,0.232268484146257,0.5,0,0,FALSE,FALSE,0,NA,NA,2,2,FALSE
415,0.343492717306548,0.000394331698920119,0.0182607877266154,0.0012580823538285,13.1855397338385,1.77214751907022,0.23181127743018,0.5,0,0,FALSE,FALSE,0,NA,NA,2,2,FALSE
416,0.342963700217931,0.000393762527926044,0.0182396028592126,0.00125762490359907,13.1725624474825,1.77040336097853,0.231355201910436,0.5,0,0,FALSE,FALSE,0,NA,NA,2,2,FALSE
417,0.342435656395612,0.000393192922663427,0.0182184282711337,0.00125716535207987,13.159604511565,1.76866180360188,0.230900254534401,0.5,0,0,FALSE,FALSE,0,NA,NA,2,2,FALSE
418,0.341908585444607,0.000392622878044974,0.0181972638260892,0.0012567036903027,13.1466658965139,1.76692284296577,0.230446432259414,0.5,0,0,FALSE,FALSE,0,NA,NA,2,2,FALSE
419,0.341382486977699,0.000392052389122989,0.0181761093897426,0.00125623990942311,13.1337465728386,1.76518647510663,0.229993732052732,0.5,0,0,FALSE,FALSE,0,NA,NA,2,2,FALSE
420,0.340857360615235,0.000391481451086705,0.0181549648296984,0.00125577400072017,13.1208465111292,1.76345269607175,0.229542150891481,0.5,0,0,FALSE,FALSE,0,NA,NA,2,2,FALSE
421,0.340333205984933,0.00039091005926315,0.0181338300154889,0.00125530595559618,13.107965682056,1.76172150191919,0.229091685762611,0.5,0,0,FALSE,FALSE,0,NA,NA,2,2,FALSE
422,0.339810022721691,0.000390338209115371,0.0181127048185655,0.00125483576557668,13.0951040563692,1.75999288871774,0.228642333662848,0.5,0,0,FALSE,FALSE,0,NA,NA,2,2,FALSE
423,0.33928781046739,0.000389765896242598,0.0180915891122859,0.00125436342231013,13.082261604898,1.75826685254684,0.228194091598651,0.5,0,0,FALSE,FALSE,0,NA,NA,2,2,FALSE
424,0.338766568870706,0.000389193116378997,0.0180704827719027,0.00125388891756776,13.0694382985507,1.75654338949653,0.227746956586164,0.5,0,0,FALSE,FALSE,0,NA,NA,2,2,FALSE
425,0.338246297586918,0.000388619865393452,0.0180493856745524,0.00125341224324337,13.0566341083137,1.75482249566736,0.227300925651173,0.5,0,0,FALSE,FALSE,0,NA,NA,2,2,FALSE
426,0.337726996277723,0.000388046139288432,0.0180282976992462,0.00125293339135326,13.0438490052512,1.75310416717034,0.226855995829057,0.5,0,0,FALSE,FALSE,0,NA,NA,2,2,FALSE
427,0.337208664611044,0.000387471934199808,0.0180072187268574,0.00125245235403596,13.031082960505,1.7513884001269,0.226412164164751,0.5,0,0,FALSE,FALSE,0,NA,NA,2,2,FALSE
428,0.336691302260849,0.00038689724639609,0.0179861486401128,0.00125196912355221,13.0183359452935,1.74967519066877,0.225969427712696,0.5,0,0,FALSE,FALSE,0,NA,NA,2,2,FALSE
429,0.336174908906964,0.000386322072277653,0.0179650873235806,0.00125148369228465,13.0056079309118,1.74796453493798,0.225527783536795,0.5,0,0,FALSE,FALSE,0,NA,NA,2,2,FALSE
430,0.33565948423489,0.00038574640837617,0.0179440346636645,0.00125099605273803,12.9928988887307,1.74625642908675,0.225087228710373,0.5,0,0,FALSE,FALSE,0,NA,NA,2,2,FALSE
431,0.335145027935624,0.000385170251354043,0.0179229905485882,0.00125050619753865,12.9802087901967,1.74455086927746,0.224647760316134,0.5,0,0,FALSE,FALSE,0,NA,NA,2,2,FALSE
432,0.334631539705474,0.000384593598003744,0.0179019548683914,0.00125001411943464,12.9675376068314,1.74284785168259,0.224209375446114,0.5,0,0,FALSE,FALSE,0,NA,NA,2,2,FALSE
433,0.334119019245881,0.000384016445247282,0.017880927514916,0.00124951981129556,12.9548853102307,1.74114737248463,0.223772071201643,0.5,0,0,FALSE,FALSE,0,NA,NA,2,2,FALSE
434,0.333607466263245,0.000383438790135365,0.0178599083818004,0.00124902326611255,12.9422518720652,1.73944942787604,0.2233358446933,0.5,0,0,FALSE,FALSE,0,NA,NA,2,2,FALSE
435,0.333096880468743,0.000382860629847115,0.017838897364467,0.00124852447699801,12.9296372640788,1.7377540140592,0.222900693040872,0.5,0,0,FALSE,FALSE,0,NA,NA,2,2,FALSE
436,0.332587261578155,0.000382281961689179,0.0178178943601183,0.00124802343718579,12.9170414580888,1.73606112724635,0.222466613373313,0.5,0,0,FALSE,FALSE,0,NA,NA,2,2,FALSE
437,0.332078609311694,0.000381702783095185,0.0177968992677225,0.00124752014003085,12.9044644259856,1.7343707636595,0.222033602828703,0.5,0,0,FALSE,FALSE,0,NA,NA,2,2,FALSE
438,0.331570923393825,0.000381123091625477,0.0177759119880088,0.00124701457900933,12.8919061397318,1.73268291953042,0.221601658554205,0.5,0,0,FALSE,FALSE,0,NA,NA,2,2,FALSE
439,0.3310642035531,0.000380542884965805,0.0177549324234579,0.0012465067477185,12.8793665713621,1.73099759110056,0.221170777706027,0.5,0,0,FALSE,FALSE,0,NA,NA,2,2,FALSE
440,0.330558449521984,0.000379962160927518,0.0177339604782941,0.00124599663987665,12.8668456929829,1.72931477462098,0.220740957449377,0.5,0,0,FALSE,FALSE,0,NA,NA,2,2,FALSE
441,0.330053661036689,0.000379380917446454,0.0177129960584761,0.00124548424932306,12.8543434767717,1.72763446635232,0.220312194958431,0.5,0,0,FALSE,FALSE,0,NA,NA,2,2,FALSE
442,0.329549837836998,0.000378799152582706,0.0176920390716914,0.00124496957001801,12.8418598949768,1.72595666256472,0.219884487416284,0.5,0,0,FALSE,FALSE,0,NA,NA,2,2,FALSE
443,0.32904697966611,0.000378216864519342,0.0176710894273459,0.00124445259604262,12.8293949199168,1.72428135953779,0.219457832014916,0.5,0,0,FALSE,FALSE,0,NA,NA,2,2,FALSE
444,0.328545086270461,0.000377634051562956,0.0176501470365583,0.00124393332159896,12.8169485239804,1.72260855356054,0.219032225955151,0.5,0,0,FALSE,FALSE,0,NA,NA,2,2,FALSE
445,0.32804415739957,0.000377050712142046,0.017629211812152,0.00124341174100997,12.8045206796258,1.72093824093132,0.218607666446619,0.5,0,0,FALSE,FALSE,0,NA,NA,2,2,FALSE
446,0.327544192805869,0.000376466844806932,0.0176082836686473,0.00124288784871938,12.7921113593802,1.71927041795779,0.218184150707713,0.5,0,0,FALSE,FALSE,0,NA,NA,2,2,FALSE
447,0.327045192244545,0.00037588244822909,0.0175873625222541,0.00124236163929174,12.7797205358399,1.71760508095684,0.217761675965557,0.5,0,0,FALSE,FALSE,0,NA,NA,2,2,FALSE
448,0.326547155473375,0.000375297521200474,0.0175664482908665,0.00124183310741248,12.7673481816692,1.71594222625455,0.217340239455962,0.5,0,0,FALSE,FALSE,0,NA,NA,2,2,FALSE
449,0.326050082252567,0.000374712062633266,0.0175455408940539,0.00124130224788782,12.7549942696006,1.71428185018613,0.216919838423391,0.5,0,0,FALSE,FALSE,0,NA,NA,2,2,FALSE
450,0.325553972344604,0.000374126071558687,0.0175246402530557,0.00124076905564478,12.7426587724341,1.71262394909589,0.216500470120921,0.5,0,0,FALSE,FALSE,0,NA,NA,2,2,FALSE
451,0.325058825514082,0.00037353954712699,0.0175037462907728,0.00124023352573119,12.7303416630368,1.71096851933716,0.216082131810202,0.5,0,0,FALSE,FALSE,0,NA,NA,2,2,FALSE
452,0.324564641527556,0.000372952488606688,0.0174828589317632,0.00123969565331573,12.7180429143429,1.70931555727223,0.215664820761424,0.5,0,0,FALSE,FALSE,0,NA,NA,2,2,FALSE
453,0.324071420153384,0.000372364895383946,0.0174619781022335,0.00123915543368785,12.7057624993527,1.70766505927235,0.215248534253278,0.5,0,0,FALSE,FALSE,0,NA,NA,2,2,FALSE
454,0.323579161161573,0.000371776766961893,0.0174411037300349,0.00123861286225799,12.6935003911328,1.70601702171764,0.214833269572917,0.5,0,0,FALSE,FALSE,0,NA,NA,2,2,FALSE
455,0.323087864323624,0.000371188102960343,0.0174202357446545,0.00123806793455734,12.6812565628152,1.70437144099702,0.214419024015923,0.5,0,0,FALSE,FALSE,0,NA,NA,2,2,FALSE
456,0.32259752941238,0.000370598903114969,0.0173993740772097,0.00123752064623796,12.6690309875973,1.70272831350821,0.214005794886269,0.5,0,0,FALSE,FALSE,0,NA,NA,2,2,FALSE
457,0.32210815620188,0.000370009167276812,0.017378518660445,0.001236970993073,12.6568236387417,1.70108763565764,0.213593579496279,0.5,0,0,FALSE,FALSE,0,NA,NA,2,2,FALSE
458,0.321619744467201,0.000369418895411656,0.0173576694287215,0.00123641897095638,12.644634489575,1.69944940386044,0.2131823751666,0.5,0,0,FALSE,FALSE,0,NA,NA,2,2,FALSE
459,0.321132293984316,0.000368828087599617,0.0173368263180145,0.0012358645759031,12.6324635134885,1.69781361454033,0.212772179226156,0.5,0,0,FALSE,FALSE,0,NA,NA,2,2,FALSE
460,0.32064580452994,0.000368236744034216,0.017315989265906,0.00123530780404913,12.6203106839369,1.69618026412964,0.212362989012122,0.5,0,0,FALSE,FALSE,0,NA,NA,2,2,FALSE
461,0.320160275881392,0.000367644865022086,0.0172951582115809,0.00123474865165158,12.6081759744386,1.6945493490692,0.211954801869882,0.5,0,0,FALSE,FALSE,0,NA,NA,2,2,FALSE
462,0.31967570781644,0.000367052450982675,0.0172743330958184,0.00123418711508853,12.596059358575,1.69292086580832,0.211547615152995,0.5,0,0,FALSE,FALSE,0,NA,NA,2,2,FALSE
463,0.319192100113162,0.00036645950244676,0.0172535138609903,0.00123362319085933,12.5839608099903,1.69129481080476,0.211141426223162,0.5,0,0,FALSE,FALSE,0,NA,NA,2,2,FALSE
464,0.318709452549804,0.000365866020056572,0.0172327004510519,0.00123305687558442,12.5718803023908,1.68967118052465,0.21073623245019,0.5,0,0,FALSE,FALSE,0,NA,NA,2,2,FALSE
465,0.318227764904632,0.000365272004565437,0.0172118928115391,0.00123248816600548,12.5598178095451,1.68804997144244,0.210332031211955,0.5,0,0,FALSE,FALSE,0,NA,NA,2,2,FALSE
466,0.317747036955795,0.000364677456836294,0.0171910908895628,0.00123191705898552,12.5477733052832,1.68643118004087,0.209928819894371,0.5,0,0,FALSE,FALSE,0,NA,NA,2,2,FALSE
467,0.317267268481186,0.000364082377841878,0.0171702946338027,0.0012313435515088,12.5357467634966,1.68481480281094,0.209526595891354,0.5,0,0,FALSE,FALSE,0,NA,NA,2,2,FALSE
468,0.316788459258299,0.000363486768663779,0.0171495039945028,0.001230767640681,12.5237381581375,1.68320083625181,0.209125356604787,0.5,0,0,FALSE,FALSE,0,NA,NA,2,2,FALSE
469,0.316310609064094,0.000362890630492075,0.0171287189234678,0.00123018932372927,12.5117474632189,1.68158927687078,0.208725099444487,0.5,0,0,FALSE,FALSE,0,NA,NA,2,2,FALSE
470,0.315833717674859,0.00036229396462446,0.0171079393740547,0.00122960859800215,12.4997746528139,1.67998012118328,0.208325821828172,0.5,0,0,FALSE,FALSE,0,NA,NA,2,2,FALSE
471,0.315357784866075,0.000361696772465625,0.017087165301171,0.00122902546096976,12.4878197010555,1.67837336571274,0.207927521181426,0.5,0,0,FALSE,FALSE,0,NA,NA,2,2,FALSE
472,0.314882810412279,0.00036109905552739,0.0170663966612683,0.00122843991022378,12.4758825821362,1.67676900699063,0.207530194937665,0.5,0,0,FALSE,FALSE,0,NA,NA,2,2,FALSE
473,0.314408794086935,0.000360500815426899,0.0170456334123384,0.00122785194347757,12.4639632703077,1.67516704155635,0.207133840538105,0.5,0,0,FALSE,FALSE,0,NA,NA,2,2,FALSE
474,0.313935735662296,0.000359902053886996,0.0170248755139081,0.00122726155856618,12.4520617398805,1.67356746595723,0.206738455431729,0.5,0,0,FALSE,FALSE,0,NA,NA,2,2,FALSE
475,0.313463634909277,0.000359302772735086,0.0170041229270328,0.00122666875344632,12.4401779652238,1.67197027674842,0.206344037075253,0.5,0,0,FALSE,FALSE,0,NA,NA,2,2,FALSE
476,0.312992491597321,0.000358702973903135,0.0169833756142957,0.00122607352619664,12.4283119207646,1.67037547049294,0.205950582933093,0.5,0,0,FALSE,FALSE,0,NA,NA,2,2,FALSE
477,0.312522305494274,0.000358102659425886,0.0169626335397992,0.00122547587501752,12.416463580988,1.66878304376152,0.205558090477335,0.5,0,0,FALSE,FALSE,0,NA,NA,2,2,FALSE
478,0.312053076366251,0.000357501831441734,0.016941896669163,0.00122487579823132,12.4046329204364,1.66719299313267,0.205166557187698,0.5,0,0,FALSE,FALSE,0,NA,NA,2,2,FALSE
479,0.311584803977516,0.000356900492190986,0.0169211649695176,0.00122427329428231,12.3928199137093,1.66560531519254,0.204775980551506,0.5,0,0,FALSE,FALSE,0,NA,NA,2,2,FALSE
480,0.311117488090347,0.000356298644015715,0.0169004384095022,0.00122366836173685,12.3810245354631,1.66402000653492,0.204386358063652,0.5,0,0,FALSE,FALSE,0,NA,NA,2,2,FALSE
481,0.31065112846492,0.000355696289358896,0.0168797169592561,0.00122306099928319,12.3692467604106,1.66243706376118,0.203997687226569,0.5,0,0,FALSE,FALSE,0,NA,NA,2,2,FALSE
482,0.310185724859178,0.000355093430764131,0.0168590005904197,0.00122245120573189,12.3574865633206,1.66085648348025,0.203609965550198,0.5,0,0,FALSE,FALSE,0,NA,NA,2,2,FALSE
483,0.309721277028714,0.000354490070874821,0.0168382892761266,0.0012218389800156,12.3457439190178,1.65927826230853,0.203223190551954,0.5,0,0,FALSE,FALSE,0,NA,NA,2,2,FALSE
484,0.309257784726643,0.000353886212433295,0.0168175829909974,0.00122122432118902,12.3340188023823,1.65770239686989,0.202837359756695,0.5,0,0,FALSE,FALSE,0,NA,NA,2,2,FALSE
485,0.308795247703486,0.000353281858280602,0.0167968817111408,0.00122060722842929,12.3223111883493,1.65612888379559,0.202452470696692,0.5,0,0,FALSE,FALSE,0,NA,NA,2,2,FALSE
486,0.30833366570705,0.000352677011355473,0.0167761854141442,0.00121998770103574,12.3106210519087,1.65455771972427,0.202068520911597,0.5,0,0,FALSE,FALSE,0,NA,NA,2,2,FALSE
487,0.307873038482305,0.000352071674694275,0.0167554940790724,0.00121936573843004,12.2989483681048,1.65298890130185,0.201685507948412,0.5,0,0,FALSE,FALSE,0,NA,NA,2,2,FALSE
488,0.307413365771274,0.000351465851429157,0.0167348076864608,0.00121874134015619,12.2872931120362,1.65142242518156,0.201303429361456,0.5,0,0,FALSE,FALSE,0,NA,NA,2,2,FALSE
489,0.306954647312908,0.000350859544789277,0.0167141262183141,0.00121811450588066,12.2756552588549,1.64985828802383,0.200922282712338,0.5,0,0,FALSE,FALSE,0,NA,NA,2,2,FALSE
490,0.306496882842977,0.000350252758098084,0.0166934496580979,0.00121748523539222,12.2640347837668,1.64829648649628,0.200542065569922,0.5,0,0,FALSE,FALSE,0,NA,NA,2,2,FALSE
491,0.306040072093955,0.000349645494774082,0.0166727779907385,0.00121685352860219,12.2524316620304,1.64673701727365,0.200162775510299,0.5,0,0,FALSE,FALSE,0,NA,NA,2,2,FALSE
492,0.305584214794902,0.000349037758329928,0.0166521112026168,0.00121621938554438,12.2408458689573,1.6451798770378,0.199784410116758,0.5,0,0,FALSE,FALSE,0,NA,NA,2,2,FALSE
493,0.305129310671359,0.000348429552370974,0.0166314492815627,0.00121558280637501,12.2292773799114,1.64362506247762,0.19940696697975,0.5,0,0,FALSE,FALSE,0,NA,NA,2,2,FALSE
494,0.30467535944523,0.000347820880595434,0.0166107922168527,0.00121494379137289,12.2177261703088,1.642072570289,0.199030443696863,0.5,0,0,FALSE,FALSE,0,NA,NA,2,2,FALSE
495,0.304222360834678,0.000347211746794018,0.0165901399992051,0.00121430234093936,12.2061922156172,1.64052239717478,0.198654837872791,0.5,0,0,FALSE,FALSE,0,NA,NA,2,2,FALSE
496,0.303770314554012,0.000346602154847452,0.016569492620775,0.00121365845559828,12.1946754913559,1.63897453984475,0.198280147119301,0.5,0,0,FALSE,FALSE,0,NA,NA,2,2,FALSE
497,0.303319220313583,0.000345992108728286,0.0165488500751497,0.001213012135996,12.1831759730953,1.63742899501554,0.197906369055208,0.5,0,0,FALSE,FALSE,0,NA,NA,2,2,FALSE
498,0.302869077819671,0.00034538161249789,0.0165282123573466,0.00121236338290157,12.1716936364565,1.6358857594106,0.197533501306341,0.5,0,0,FALSE,FALSE,0,NA,NA,2,2,FALSE
499,0.302419886774388,0.000344770670307621,0.0165075794638066,0.00121171219720655,12.1602284571112,1.6343448297602,0.197161541505515,0.5,0,0,FALSE,FALSE,0,NA,NA,2,2,FALSE
500,0.301971646875567,0.000344159286396872,0.016486951392389,0.00121105857992492,12.148780410781,1.63280620280129,0.196790487292503,0.5,0,0,FALSE,FALSE,0,NA,NA,2,2,FALSE
